cell_type,chrom,start,end,frequency,recurrent,region_width_bp,region_width_kb,mean_pseudobulk_rt_untreated,rt_class
U2OS,chr1,71820920,72034520,4,True,213600,213.6,-0.4466316398770201,Late
U2OS,chr1,81112245,81254164,1,False,141919,141.92,-0.4416970968409858,Late
U2OS,chr1,93776765,94200752,2,True,423987,423.99,0.47854761739926266,Early
U2OS,chr1,95192764,95430801,1,False,238037,238.04,0.5007569428597184,Early
U2OS,chr1,115364959,115415185,1,False,50226,50.23,0.2029687754823264,Mid
U2OS,chr1,169736985,170401160,1,False,664175,664.17,-0.1477859106815801,Mid
U2OS,chr1,174664260,174729196,1,False,64936,64.94,-0.13058275279688997,Mid
U2OS,chr1,177659835,178109472,1,False,449637,449.64,0.08101703563859906,Mid
U2OS,chr1,185609028,185982993,1,False,373965,373.96,-0.018810516920687755,Mid
U2OS,chr1,187284061,187805805,2,True,521744,521.74,-0.44312085918774546,Late
U2OS,chr1,190524412,190885452,1,False,361040,361.04,-0.4992026466802916,Late
U2OS,chr1,206332197,206939778,1,False,607581,607.58,0.3808671226743674,Early
U2OS,chr1,207946626,208123625,1,False,176999,177.0,0.37657110554033013,Early
U2OS,chr1,214424107,214884316,1,False,460209,460.21,0.2710676317805777,Early
U2OS,chr1,219909520,220014163,1,False,104643,104.64,0.050432240325986546,Mid
U2OS,chr1,222046631,222314554,1,False,267923,267.92,-0.041404753976421994,Mid
U2OS,chr1,235047923,235242310,1,False,194387,194.39,0.37141909981989035,Early
U2OS,chr1,238149733,239347101,2,True,1197368,1197.37,-0.2933547562481853,Late
U2OS,chr1,241136133,241769143,1,False,633010,633.01,0.02908448794934603,Mid
U2OS,chr1,244947220,245284543,1,False,337323,337.32,0.08944990311521293,Mid
U2OS,chr10,53321802,53981853,3,True,660051,660.05,-0.1574385128848872,Mid
U2OS,chr10,56225505,56475494,1,False,249989,249.99,-0.4734000848360291,Late
U2OS,chr10,57450969,57897049,2,True,446080,446.08,-0.43832201959797223,Late
U2OS,chr10,71854899,72510480,2,True,655581,655.58,0.4893002058683129,Early
U2OS,chr10,73395933,74893440,3,True,1497507,1497.51,0.4306314478442355,Early
U2OS,chr10,76625447,77279591,1,False,654144,654.14,0.4326566034565307,Early
U2OS,chr10,94817088,95301026,1,False,483938,483.94,0.2844399321592776,Early
U2OS,chr10,98299506,98415141,1,False,115635,115.64,0.34703753594485226,Early
U2OS,chr10,98911886,99668843,2,True,756957,756.96,0.44324910284482827,Early
U2OS,chr10,101791443,102268206,1,False,476763,476.76,0.4578271808722424,Early
U2OS,chr10,102851888,103258906,1,False,407018,407.02,0.40036983771620005,Early
U2OS,chr10,105627706,106305714,1,False,678008,678.01,0.40741237836350225,Early
U2OS,chr10,111510639,111563214,1,False,52575,52.58,0.285922131230196,Early
U2OS,chr10,112187913,112792941,1,False,605028,605.03,0.4097962629095059,Early
U2OS,chr10,116008472,116706899,1,False,698427,698.43,0.41104543144587324,Early
U2OS,chr10,131325887,131777091,1,False,451204,451.2,-0.3435035444476442,Late
U2OS,chr10,132944661,133115628,1,False,170967,170.97,-0.3719100558295624,Late
U2OS,chr11,7507896,8017950,1,False,510054,510.05,0.27354035563016077,Early
U2OS,chr11,21407066,21590044,1,False,182978,182.98,-0.479991178668038,Late
U2OS,chr11,23216599,23776160,1,False,559561,559.56,-0.29979217209940734,Late
U2OS,chr11,30946885,31480705,1,False,533820,533.82,-0.2853654581579502,Late
U2OS,chr11,38188537,39917715,4,True,1729178,1729.18,-0.3575786010393074,Late
U2OS,chr11,60571554,60721831,1,False,150277,150.28,0.2589693442708127,Early
U2OS,chr11,97011427,97102550,1,False,91123,91.12,-0.35130433574702485,Late
U2OS,chr11,99317590,100400434,2,True,1082844,1082.84,-0.37961459170101935,Late
U2OS,chr12,9431114,11751203,2,True,2320089,2320.09,0.13652617558252642,Mid
U2OS,chr12,58715447,58959270,1,False,243823,243.82,0.057658465808182006,Mid
U2OS,chr12,78316259,78394630,1,False,78371,78.37,-0.148064961840896,Mid
U2OS,chr12,83263303,83486810,1,False,223507,223.51,-0.4572743503491017,Late
U2OS,chr12,100043945,100122479,1,False,78534,78.53,-0.1941479800310416,Mid
U2OS,chr12,115200691,115430475,1,False,229784,229.78,-0.09687399210745992,Mid
U2OS,chr12,125393108,125549417,1,False,156309,156.31,0.45883113752387356,Early
U2OS,chr13,27039381,27200486,1,False,161105,161.1,0.20389611354224296,Mid
U2OS,chr13,29043197,29348323,1,False,305126,305.13,0.024953805307997665,Mid
U2OS,chr13,45049580,45613167,1,False,563587,563.59,0.5202793128867749,Early
U2OS,chr13,56471990,56935535,1,False,463545,463.55,-0.5115267672276447,Late
U2OS,chr13,61903828,62046410,1,False,142582,142.58,-0.45644603981997445,Late
U2OS,chr13,64555084,64793756,2,True,238672,238.67,-0.42404252668150244,Late
U2OS,chr13,67399212,68044428,2,True,645216,645.22,-0.29940373694852807,Late
U2OS,chr13,73310141,73513256,1,False,203115,203.12,0.0048101918089878985,Mid
U2OS,chr13,76085401,76328171,1,False,242770,242.77,0.5151120412841066,Early
U2OS,chr13,107767924,108600161,3,True,832237,832.24,-0.33857485187615777,Late
U2OS,chr13,109564586,109720019,1,False,155433,155.43,0.16414378294803714,Mid
U2OS,chr14,26942766,28772821,6,True,1830055,1830.06,-0.31937456182621354,Late
U2OS,chr14,102599226,102730411,1,False,131185,131.19,0.5999848320166662,Early
U2OS,chr15,43957399,44339528,1,False,382129,382.13,0.31056853816505464,Early
U2OS,chr15,50065936,50393597,1,False,327661,327.66,-0.13482424789068234,Mid
U2OS,chr15,62935785,64916043,2,True,1980258,1980.26,0.3660714380673955,Early
U2OS,chr15,82538156,83274630,2,True,736474,736.47,0.5257606963502468,Early
U2OS,chr16,22505061,22650574,1,False,145513,145.51,0.2238349448631452,Mid
U2OS,chr16,63266219,63438166,1,False,171947,171.95,-0.5871748043743305,Late
U2OS,chr16,76245294,76476517,1,False,231223,231.22,-0.21622587243176683,Mid
U2OS,chr16,82775382,83559037,3,True,783655,783.65,-0.29549109864913586,Late
U2OS,chr16,84185816,85429193,1,False,1243377,1243.38,0.44210476661042586,Early
U2OS,chr17,43469979,43719819,2,True,249840,249.84,0.38892575349151753,Early
U2OS,chr17,45206369,45380602,1,False,174233,174.23,0.5365662084463934,Early
U2OS,chr17,76023469,76304786,1,False,281317,281.32,0.5625748809997076,Early
U2OS,chr18,35144037,35311865,1,False,167828,167.83,-0.28245768666445464,Late
U2OS,chr18,36920299,37128050,2,True,207751,207.75,-0.5299386439744368,Late
U2OS,chr19,914346,961859,1,False,47513,47.51,0.606593252555941,Early
U2OS,chr19,1413672,1583938,1,False,170266,170.27,0.6120555096831571,Early
U2OS,chr19,2750321,2908792,1,False,158471,158.47,0.4482898119006044,Early
U2OS,chr19,3471784,3800056,1,False,328272,328.27,0.5110925181117211,Early
U2OS,chr19,4228139,4400826,1,False,172687,172.69,0.3701795484632535,Early
U2OS,chr19,5459357,6111434,2,True,652077,652.08,0.4222788610886547,Early
U2OS,chr19,6966821,7052683,1,False,85862,85.86,0.31741639573579866,Early
U2OS,chr19,12751880,13097411,1,False,345531,345.53,0.33264095302702207,Early
U2OS,chr19,35500003,35787633,1,False,287630,287.63,0.4549237178739123,Early
U2OS,chr19,36526993,37062669,2,True,535676,535.68,0.34975927608275564,Early
U2OS,chr19,47224649,47494765,1,False,270116,270.12,0.33248604396822756,Early
U2OS,chr19,50592101,50992229,1,False,400128,400.13,0.23992905098064796,Mid
U2OS,chr2,14288022,15463787,2,True,1175765,1175.77,-0.2801981699248211,Late
U2OS,chr2,24197336,24630772,1,False,433436,433.44,0.38907159529418167,Early
U2OS,chr2,63493105,64248469,1,False,755364,755.36,0.18249147406398372,Mid
U2OS,chr2,64665063,65558797,1,False,893734,893.73,0.3888287816759884,Early
U2OS,chr2,66949664,73816468,5,True,6866804,6866.8,0.2702244785258605,Early
U2OS,chr2,104097920,104639166,1,False,541246,541.25,-0.266245741619578,Late
U2OS,chr2,147408672,149011251,1,False,1602579,1602.58,-0.13916945675386214,Mid
U2OS,chr2,150396219,151150865,1,False,754646,754.65,0.23827215623080253,Mid
U2OS,chr2,159220831,160341182,1,False,1120351,1120.35,0.366836205931137,Early
U2OS,chr2,175649331,175836986,1,False,187655,187.66,0.2174859992434492,Mid
U2OS,chr2,186476907,187985152,4,True,1508245,1508.24,0.18330943273299943,Mid
U2OS,chr2,199096755,199899222,1,False,802467,802.47,-0.3927487052742198,Late
U2OS,chr2,205485732,205525236,1,False,39504,39.5,0.10009476837899743,Mid
U2OS,chr2,235324915,235525155,1,False,200240,200.24,0.48407996800933145,Early
U2OS,chr2,236284998,236560355,1,False,275357,275.36,0.37206176084242676,Early
U2OS,chr2,239279127,239782945,1,False,503818,503.82,0.33273259890692897,Early
U2OS,chr20,13735324,13841867,1,False,106543,106.54,0.14791677663799485,Mid
U2OS,chr20,17536481,18105661,1,False,569180,569.18,0.3964635984035148,Early
U2OS,chr21,22605992,23409158,1,False,803166,803.17,-0.5656212883372904,Late
U2OS,chr21,30020577,30935677,1,False,915100,915.1,0.2745862329260998,Early
U2OS,chr22,41296337,42018333,2,True,721996,722.0,0.3407537825759154,Early
U2OS,chr3,19421864,19534909,1,False,113045,113.05,-0.23490945423202805,Mid
U2OS,chr3,20527156,20883361,1,False,356205,356.2,-0.23141598244006722,Mid
U2OS,chr3,34759793,35063044,1,False,303251,303.25,-0.42781482468651055,Late
U2OS,chr3,55592623,55946229,1,False,353606,353.61,-0.07561699763560385,Mid
U2OS,chr3,66836311,68279247,4,True,1442936,1442.94,-0.2914083286916991,Late
U2OS,chr3,127850369,129237759,1,False,1387390,1387.39,0.4680045456858023,Early
U2OS,chr3,131034340,131468733,1,False,434393,434.39,0.09549281447829143,Mid
U2OS,chr3,136462301,138323024,1,False,1860723,1860.72,0.10490298011229214,Mid
U2OS,chr3,167124177,167329367,1,False,205190,205.19,-0.5378430351897137,Late
U2OS,chr3,180424301,180828306,1,False,404005,404.0,-0.355516400390498,Late
U2OS,chr4,19131381,19639842,6,True,508461,508.46,-0.4888432853152068,Late
U2OS,chr4,66401541,66913486,1,False,511945,511.94,-0.23428828607796476,Mid
U2OS,chr4,83477631,83672211,1,False,194580,194.58,0.3398081898193532,Early
U2OS,chr4,93964870,95021538,4,True,1056668,1056.67,-0.3521773963755542,Late
U2OS,chr4,98542645,98849813,1,False,307168,307.17,-0.2623725362384601,Late
U2OS,chr4,102307236,102530036,1,False,222800,222.8,0.01946185371626763,Mid
U2OS,chr4,104548869,105285088,1,False,736219,736.22,-0.3053460187378613,Late
U2OS,chr4,163924165,164122282,1,False,198117,198.12,-0.1810408363390164,Mid
U2OS,chr4,185834451,186075915,1,False,241464,241.46,0.15264630420539632,Mid
U2OS,chr5,10211151,10770562,1,False,559411,559.41,0.2662645885963479,Early
U2OS,chr5,17459294,17603043,2,True,143749,143.75,-0.01743764711740864,Mid
U2OS,chr5,34175736,35024134,4,True,848398,848.4,0.22428561820116658,Mid
U2OS,chr5,59458646,59501754,1,False,43108,43.11,-0.41657790078607493,Late
U2OS,chr5,84339844,84612872,1,False,273028,273.03,-0.270792083056136,Late
U2OS,chr5,98905191,99369934,1,False,464743,464.74,-0.6425561300654542,Late
U2OS,chr5,122924151,123010703,1,False,86552,86.55,-0.07271143679616217,Mid
U2OS,chr5,123896451,124168533,1,False,272082,272.08,-0.3354116452836699,Late
U2OS,chr5,128869993,129295685,2,True,425692,425.69,-0.6298963636047844,Late
U2OS,chr5,139533133,139599011,1,False,65878,65.88,0.244307080484187,Mid
U2OS,chr5,152911904,153127901,1,False,215997,216.0,-0.4358615474060389,Late
U2OS,chr5,158811171,161308983,1,False,2497812,2497.81,-0.08374586205657507,Mid
U2OS,chr5,171746876,172214110,1,False,467234,467.23,0.27218825959485277,Early
U2OS,chr6,10890818,11278245,1,False,387427,387.43,0.4927486899861237,Early
U2OS,chr6,12632403,13067559,1,False,435156,435.16,0.3002895884487838,Early
U2OS,chr6,72139234,72463454,1,False,324220,324.22,0.10363546184087188,Mid
U2OS,chr6,79294291,79471012,1,False,176721,176.72,-0.1805166878854056,Mid
U2OS,chr6,93014305,93328128,2,True,313823,313.82,-0.3937790000829886,Late
U2OS,chr6,94320036,94530163,1,False,210127,210.13,-0.630934611598995,Late
U2OS,chr6,124043236,124292997,1,False,249761,249.76,-0.39134937790075125,Late
U2OS,chr6,126448768,126796461,1,False,347693,347.69,0.02512513725576245,Mid
U2OS,chr6,129420435,129624670,1,False,204235,204.24,-0.1527992587371124,Mid
U2OS,chr7,18503763,19282105,2,True,778342,778.34,-0.00190497445526006,Mid
U2OS,chr7,41963597,42228759,1,False,265162,265.16,0.08178525273133108,Mid
U2OS,chr7,69240116,69407061,1,False,166945,166.94,-0.14881209272940524,Mid
U2OS,chr7,78148534,79378365,4,True,1229831,1229.83,-0.028620512919624003,Mid
U2OS,chr7,87496526,88558525,2,True,1061999,1062.0,-0.25490831132743624,Late
U2OS,chr7,89605681,90068016,1,False,462335,462.33,0.2071901324313716,Mid
U2OS,chr7,100094213,100612415,1,False,518202,518.2,0.4224173152188418,Early
U2OS,chr7,109966780,110094808,4,True,128028,128.03,-0.39713164349534025,Late
U2OS,chr7,110756761,111517242,3,True,760481,760.48,-0.3640898467984002,Late
U2OS,chr7,116399830,117021345,1,False,621515,621.51,0.31852396618615336,Early
U2OS,chr7,124887415,125085523,1,False,198108,198.11,-0.5758716544240301,Late
U2OS,chr7,139378856,139522241,1,False,143385,143.38,0.6321820819149893,Early
U2OS,chr8,14695845,14791794,1,False,95949,95.95,-0.6318935847631343,Late
U2OS,chr8,16759393,20750517,2,True,3991124,3991.12,0.07867760475202008,Mid
U2OS,chr8,35089015,35229563,1,False,140548,140.55,-0.5969858463473212,Late
U2OS,chr8,36146570,36392239,1,False,245669,245.67,-0.4885456922518176,Late
U2OS,chr8,39999865,40385911,1,False,386046,386.05,-0.02563752357662975,Mid
U2OS,chr8,62941234,63076618,1,False,135384,135.38,-0.06901467639067833,Mid
U2OS,chr8,64251688,64887340,1,False,635652,635.65,-0.1641453245437631,Mid
U2OS,chr8,65734902,66097254,1,False,362352,362.35,-0.3089112441684072,Late
U2OS,chr8,69425550,69992417,2,True,566867,566.87,-0.3818031442602091,Late
U2OS,chr8,72734953,73003783,1,False,268830,268.83,-0.04105680800662205,Mid
U2OS,chr8,110972201,111028684,1,False,56483,56.48,-0.31374776140834054,Late
U2OS,chr8,120703789,120796187,1,False,92398,92.4,-0.219528977575804,Mid
U2OS,chr8,121859951,121893936,1,False,33985,33.98,-0.150616537750912,Mid
U2OS,chr8,128311874,128652080,1,False,340206,340.21,0.17089077160493377,Mid
U2OS,chr8,131367067,131641200,1,False,274133,274.13,0.42409428069188304,Early
U2OS,chr8,132235649,132393416,1,False,157767,157.77,-0.12973725677924292,Mid
U2OS,chr8,136248007,137957216,1,False,1709209,1709.21,-0.28888757756073563,Late
U2OS,chr9,44907911,66251395,1,False,21343484,21343.48,-0.165158867876864,Mid
U2OS,chr9,81267182,81325269,1,False,58087,58.09,-0.0391919195191965,Mid
U2OS,chr9,85126896,87060222,4,True,1933326,1933.33,-0.12964300101296528,Mid
U2OS,chr9,92104925,92261403,1,False,156478,156.48,0.08406268723449188,Mid
U2OS,chr9,119316698,119740197,2,True,423499,423.5,-0.1317199347389726,Mid
U2OS,chr9,122112187,122643213,1,False,531026,531.03,-0.3705033215480565,Late
U2OS,chr9,124810313,124964495,1,False,154182,154.18,0.27345634127588003,Early
U2OS,chr9,138955818,139044795,1,False,88977,88.98,0.6008617884359719,Early
U2OS,chrX,75326207,75433493,1,False,107286,107.29,-0.19503881582387364,Mid
U2OS,chrX,81413181,81537782,1,False,124601,124.6,-0.3099426233807945,Late
U2OS,chrX,90764204,90853467,1,False,89263,89.26,-0.34170832691623626,Late
U2OS,chrX,96461366,96708255,3,True,246889,246.89,-0.407675096357598,Late
U2OS,chrX,120560083,120655955,1,False,95872,95.87,-0.3685553327753258,Late
RPE1,chr1,3827201,5550783,2,True,1723582,1723.58,-0.343494978389547,Late
RPE1,chr1,16466167,18220095,5,True,1753928,1753.93,0.5335821336038924,Early
RPE1,chr1,30784843,31244468,1,False,459625,459.62,0.2271931373809306,Mid
RPE1,chr1,33598009,35148767,2,True,1550758,1550.76,-0.055042392275229,Mid
RPE1,chr1,37308370,37563712,1,False,255342,255.34,0.1195603377662403,Mid
RPE1,chr1,72148338,72945186,2,True,796848,796.85,-0.3413877946160025,Late
RPE1,chr1,92452466,94612753,5,True,2160287,2160.29,0.4674307846624903,Early
RPE1,chr1,95291508,96317234,5,True,1025726,1025.73,0.048479682519572055,Mid
RPE1,chr1,160854484,161325905,1,False,471421,471.42,0.3455917767659509,Early
RPE1,chr1,179554327,181336167,1,False,1781840,1781.84,0.4321410189137626,Early
RPE1,chr1,204470702,205883277,1,False,1412575,1412.58,0.41330907972806413,Early
RPE1,chr1,207180694,207682017,1,False,501323,501.32,0.3665992450676039,Early
RPE1,chr1,226598556,243430364,1,False,16831808,16831.81,-0.01752424536464539,Mid
RPE1,chr10,60187713,60472277,1,False,284564,284.56,0.4014589527402103,Early
RPE1,chr10,91116761,93776182,3,True,2659421,2659.42,0.2973170677274452,Early
RPE1,chr10,112254376,112579731,1,False,325355,325.36,0.5340145269424491,Early
RPE1,chr10,117054554,127331775,5,True,10277221,10277.22,0.0768438337465388,Mid
RPE1,chr10,127971059,128042001,1,False,70942,70.94,0.4845863919654036,Early
RPE1,chr10,128898611,130794284,5,True,1895673,1895.67,-0.16381064460147993,Mid
RPE1,chr11,776604,4679877,9,True,3903273,3903.27,0.4035868476951918,Early
RPE1,chr11,5717178,6318451,1,False,601273,601.27,-0.0965277083354911,Mid
RPE1,chr11,15835792,17706546,3,True,1870754,1870.75,0.11151866047088223,Mid
RPE1,chr11,34998593,35431590,1,False,432997,433.0,0.6090780704794765,Early
RPE1,chr11,37467593,38340949,1,False,873356,873.36,-0.4170430227187052,Late
RPE1,chr11,57512884,57667983,1,False,155099,155.1,0.3571409098800446,Early
RPE1,chr11,62926364,64708065,3,True,1781701,1781.7,0.5957434390298932,Early
RPE1,chr11,66634679,67686632,3,True,1051953,1051.95,0.5903308848793566,Early
RPE1,chr11,68122054,68846215,1,False,724161,724.16,0.5143521173792259,Early
RPE1,chr11,78308513,78853528,1,False,545015,545.01,0.2005412931337063,Mid
RPE1,chr11,79360231,81083602,2,True,1723371,1723.37,-0.5386710387727294,Late
RPE1,chr11,82809008,83112821,1,False,303813,303.81,0.24496978929865743,Mid
RPE1,chr11,87844452,89240195,7,True,1395743,1395.74,0.08066503815041655,Mid
RPE1,chr11,89705031,92053060,6,True,2348029,2348.03,-0.6488086286926198,Late
RPE1,chr11,100946827,101069145,1,False,122318,122.32,-0.47189960086293686,Late
RPE1,chr11,124453200,124570596,1,False,117396,117.4,0.13124186641528582,Mid
RPE1,chr12,1857408,2188667,2,True,331259,331.26,0.3471328462573696,Early
RPE1,chr12,6362581,6597115,1,False,234534,234.53,0.6393265798529271,Early
RPE1,chr12,22825710,23218233,1,False,392523,392.52,-0.23048577651655835,Mid
RPE1,chr12,24595360,25668785,2,True,1073425,1073.42,0.14224709563212742,Mid
RPE1,chr12,28222823,29029162,1,False,806339,806.34,-0.15252912501674457,Mid
RPE1,chr12,30379409,30694088,3,True,314679,314.68,-0.25990129510056115,Late
RPE1,chr12,46009763,46759912,1,False,750149,750.15,0.31559269478634905,Early
RPE1,chr12,49328255,49576684,1,False,248429,248.43,0.6925019689375935,Early
RPE1,chr12,58165793,59081024,2,True,915231,915.23,0.27229960557753097,Early
RPE1,chr12,74407960,74648323,1,False,240363,240.36,-0.6372191639358687,Late
RPE1,chr12,75718082,76541952,2,True,823870,823.87,0.4554925633586292,Early
RPE1,chr12,80035861,80457459,1,False,421598,421.6,0.3335184228348542,Early
RPE1,chr12,81479632,82367768,1,False,888136,888.14,-0.21295277319661007,Mid
RPE1,chr12,83113361,84166761,1,False,1053400,1053.4,-0.44952094149361665,Late
RPE1,chr12,103947568,104236968,1,False,289400,289.4,0.355670193748748,Early
RPE1,chr12,105694186,106141567,1,False,447381,447.38,0.40049569258033946,Early
RPE1,chr12,129451959,130196212,1,False,744253,744.25,-0.5383792187848453,Late
RPE1,chr13,22280789,22608552,1,False,327763,327.76,-0.3297371897254512,Late
RPE1,chr13,31672972,32001540,1,False,328568,328.57,0.3190537479458071,Early
RPE1,chr13,33276567,33713786,1,False,437219,437.22,0.2582220893680988,Early
RPE1,chr13,35602703,36180199,1,False,577496,577.5,-0.09869053572911667,Mid
RPE1,chr13,47469004,48649393,6,True,1180389,1180.39,-0.06370541372511652,Mid
RPE1,chr13,62301787,62555983,1,False,254196,254.2,-0.5916790763968692,Late
RPE1,chr13,68563682,69296514,1,False,732832,732.83,-0.4756381007239372,Late
RPE1,chr13,70614260,73057762,4,True,2443502,2443.5,-0.5191466237949347,Late
RPE1,chr13,77449011,78770679,1,False,1321668,1321.67,-0.16951487293718176,Mid
RPE1,chr13,86267698,86574005,1,False,306307,306.31,-0.4875537392227178,Late
RPE1,chr13,87218375,87670463,2,True,452088,452.09,-0.35762733015796,Late
RPE1,chr13,88987724,89061331,1,False,73607,73.61,-0.6275739619318298,Late
RPE1,chr13,94594790,94680916,1,False,86126,86.13,-0.028872812412775985,Mid
RPE1,chr13,102565689,102770800,1,False,205111,205.11,-0.34667347853729047,Late
RPE1,chr13,104598301,104849259,1,False,250958,250.96,-0.4671192238062228,Late
RPE1,chr13,107845252,108209410,1,False,364158,364.16,-0.17258845845196527,Mid
RPE1,chr14,22377418,22776721,1,False,399303,399.3,-0.04902912953924214,Mid
RPE1,chr14,23443624,23892974,1,False,449350,449.35,0.5635629693186394,Early
RPE1,chr14,25500267,26298582,1,False,798315,798.32,-0.5209061421368913,Late
RPE1,chr14,27536066,29275164,3,True,1739098,1739.1,-0.3917299626880893,Late
RPE1,chr14,39879859,40026395,1,False,146536,146.54,0.3466122655751398,Early
RPE1,chr14,42766887,43080754,1,False,313867,313.87,-0.553850478080827,Late
RPE1,chr14,43753332,44657962,2,True,904630,904.63,-0.6770127078944932,Late
RPE1,chr14,49443036,50341182,5,True,898146,898.15,0.040666448304169385,Mid
RPE1,chr14,51276155,52052495,1,False,776340,776.34,0.45299794381404146,Early
RPE1,chr14,53189279,54386253,3,True,1196974,1196.97,0.08196589610384533,Mid
RPE1,chr14,72398101,72591363,1,False,193262,193.26,-0.024579234436909948,Mid
RPE1,chr14,73330495,73692709,1,False,362214,362.21,0.6052161674119455,Early
RPE1,chr14,83350700,83605575,1,False,254875,254.88,-0.7059117665633865,Late
RPE1,chr14,84373338,84700975,1,False,327637,327.64,-0.6553841803643461,Late
RPE1,chr14,105936215,106221465,1,False,285250,285.25,0.4473014953058481,Early
RPE1,chr15,30356252,31427137,1,False,1070885,1070.88,0.1484542205715088,Mid
RPE1,chr15,38587032,39073741,1,False,486709,486.71,0.146699411149475,Mid
RPE1,chr15,40913460,41538519,1,False,625059,625.06,0.6160092828946793,Early
RPE1,chr15,48502847,48562682,1,False,59835,59.84,0.454648404291997,Early
RPE1,chr15,49388608,49490248,1,False,101640,101.64,0.311653890122763,Early
RPE1,chr15,62512331,63151318,1,False,638987,638.99,0.45828744561959833,Early
RPE1,chr15,68833880,69381280,1,False,547400,547.4,0.45901749854620044,Early
RPE1,chr16,58483294,59155474,1,False,672180,672.18,0.3200667521869807,Early
RPE1,chr16,60191228,60678572,1,False,487344,487.34,-0.5888400613136741,Late
RPE1,chr16,68004098,69210100,3,True,1206002,1206.0,0.5846770693532161,Early
RPE1,chr16,81572706,83275050,2,True,1702344,1702.34,0.02811828734221407,Mid
RPE1,chr16,86139599,87555092,1,False,1415493,1415.49,0.5100502400769372,Early
RPE1,chr17,831093,2536196,2,True,1705103,1705.1,0.6584749846373954,Early
RPE1,chr17,15814143,18397104,5,True,2582961,2582.96,0.6102434621356133,Early
RPE1,chr17,41722737,44769220,3,True,3046483,3046.48,0.5971810417464954,Early
RPE1,chr17,45611336,49626555,4,True,4015219,4015.22,0.5960585653750213,Early
RPE1,chr17,50811391,50952327,1,False,140936,140.94,-0.628181718942747,Late
RPE1,chr17,51690469,52228166,1,False,537697,537.7,-0.5540621883099927,Late
RPE1,chr17,52708775,52952591,1,False,243816,243.82,-0.5077293980285593,Late
RPE1,chr17,55947608,57654142,1,False,1706534,1706.53,0.3534282699421327,Early
RPE1,chr17,59256218,62311094,4,True,3054876,3054.88,0.3764663860450576,Early
RPE1,chr17,63208686,64044525,1,False,835839,835.84,0.28871153945791234,Early
RPE1,chr17,66947593,67530097,1,False,582504,582.5,-0.2708972426261503,Late
RPE1,chr17,69000522,69126763,1,False,126241,126.24,-0.2484051429039582,Mid
RPE1,chr17,71128766,72788459,1,False,1659693,1659.69,0.024893158755502007,Mid
RPE1,chr18,132313,1355237,1,False,1222924,1222.92,0.14763962940481842,Mid
RPE1,chr18,8189818,9093153,2,True,903335,903.34,0.3497336453129408,Early
RPE1,chr18,28627391,28745997,1,False,118606,118.61,0.014166573022041804,Mid
RPE1,chr18,29932658,30670148,2,True,737490,737.49,-0.515915594533095,Late
RPE1,chr18,31541303,32243500,1,False,702197,702.2,-0.4526298491631937,Late
RPE1,chr18,32849195,33299443,1,False,450248,450.25,0.3355158454177248,Early
RPE1,chr18,33790641,34057120,1,False,266479,266.48,0.454572973445222,Early
RPE1,chr18,62835650,63461670,2,True,626020,626.02,-0.7222271891968711,Late
RPE1,chr18,63970243,64367034,2,True,396791,396.79,-0.6804684365414682,Late
RPE1,chr18,67982477,68626998,2,True,644521,644.52,0.10754428765374016,Mid
RPE1,chr18,69716584,69945052,1,False,228468,228.47,-0.6415826997900144,Late
RPE1,chr18,70622569,71648428,1,False,1025859,1025.86,-0.534513696659356,Late
RPE1,chr18,72905070,73067799,1,False,162729,162.73,-0.10510731750988755,Mid
RPE1,chr19,963034,1244454,1,False,281420,281.42,0.8414809519788854,Early
RPE1,chr19,1806181,2485896,1,False,679715,679.72,0.7869666264912691,Early
RPE1,chr19,29271431,29834281,2,True,562850,562.85,-0.5134112506529342,Late
RPE1,chr19,31777177,33049956,1,False,1272779,1272.78,-0.3044490430531227,Late
RPE1,chr19,33919794,34086097,1,False,166303,166.3,-0.008374693754992413,Mid
RPE1,chr19,50172639,50652435,1,False,479796,479.8,0.563206243166106,Early
RPE1,chr19,52787836,53031412,1,False,243576,243.58,-0.16984247675170988,Mid
RPE1,chr19,53699166,54180337,1,False,481171,481.17,-0.22831193344035933,Mid
RPE1,chr19,55483934,59074856,1,False,3590922,3590.92,0.19218542176837342,Mid
RPE1,chr2,36267306,36892169,1,False,624863,624.86,0.1957106596576823,Mid
RPE1,chr2,38955259,40422533,1,False,1467274,1467.27,0.328551288943482,Early
RPE1,chr2,126109417,126840083,1,False,730666,730.67,-0.6766454357380582,Late
RPE1,chr2,139909209,140091699,1,False,182490,182.49,-0.44259930230894856,Late
RPE1,chr2,141329797,141832960,3,True,503163,503.16,-0.4587299133973694,Late
RPE1,chr2,143057083,143785520,1,False,728437,728.44,-0.409463675536918,Late
RPE1,chr2,153845287,154182306,1,False,337019,337.02,-0.3687587398013009,Late
RPE1,chr2,158163804,158654916,1,False,491112,491.11,0.044623658930638445,Mid
RPE1,chr2,160252588,160358185,1,False,105597,105.6,0.4891940112498005,Early
RPE1,chr2,161427746,162410933,2,True,983187,983.19,0.24658352489138624,Mid
RPE1,chr2,167455941,167805015,1,False,349074,349.07,-0.11592086153575158,Mid
RPE1,chr2,184992767,185241141,1,False,248374,248.37,-0.4442991447827561,Late
RPE1,chr2,186856124,187201883,1,False,345759,345.76,0.06303066094390813,Mid
RPE1,chr2,189495305,190119567,1,False,624262,624.26,0.10278969976895797,Mid
RPE1,chr2,241061957,243046501,1,False,1984544,1984.54,0.34174929828766737,Early
RPE1,chr20,7427554,8388099,1,False,960545,960.54,-0.00127742434935524,Mid
RPE1,chr20,8797868,9163408,1,False,365540,365.54,0.2809624186309614,Early
RPE1,chr20,18478312,18619475,2,True,141163,141.16,0.3182457572467875,Early
RPE1,chr20,54328847,55785606,1,False,1456759,1456.76,-0.12721816591188775,Mid
RPE1,chr20,57805907,58289372,1,False,483465,483.46,-0.31730394436168563,Late
RPE1,chr20,59457521,61264420,2,True,1806899,1806.9,0.18898592799983785,Mid
RPE1,chr21,21425553,21783425,1,False,357872,357.87,-0.7581226707660969,Late
RPE1,chr21,24971492,27071626,2,True,2100134,2100.13,-0.5184833001097817,Late
RPE1,chr21,40372549,41089657,1,False,717108,717.11,0.11703917826980761,Mid
RPE1,chr21,41536524,43154111,2,True,1617587,1617.59,-0.08066998254119913,Mid
RPE1,chr21,45332391,45741864,1,False,409473,409.47,0.5461239813061967,Early
RPE1,chr21,46375473,47389633,1,False,1014160,1014.16,0.45750244707274584,Early
RPE1,chr22,26463524,26741012,1,False,277488,277.49,0.13079532644892217,Mid
RPE1,chr22,35405567,35638565,1,False,232998,233.0,0.3228982742634184,Early
RPE1,chr3,44598320,44958017,1,False,359697,359.7,0.34885189324755933,Early
RPE1,chr3,46813752,47621821,2,True,808069,808.07,0.5626159868013224,Early
RPE1,chr3,65444932,65571442,1,False,126510,126.51,-0.09877929143555385,Mid
RPE1,chr3,67712240,67984715,1,False,272475,272.48,-0.2258827416602163,Mid
RPE1,chr3,78770683,79178878,1,False,408195,408.19,-0.2200645979726282,Mid
RPE1,chr3,110764936,111154132,1,False,389196,389.2,0.16639517055813885,Mid
RPE1,chr3,112895005,113035615,1,False,140610,140.61,0.24753953058995287,Mid
RPE1,chr3,148608870,149101703,1,False,492833,492.83,0.43545047762291456,Early
RPE1,chr3,150039772,150519700,1,False,479928,479.93,0.3608157864311084,Early
RPE1,chr3,164338311,164594404,1,False,256093,256.09,-0.5833482085154974,Late
RPE1,chr3,166420941,166607736,1,False,186795,186.79,-0.6936047096239857,Late
RPE1,chr3,169546053,170533574,1,False,987521,987.52,0.47930969220057,Early
RPE1,chr3,172366132,174301758,2,True,1935626,1935.63,-0.06571570210308199,Mid
RPE1,chr3,175156949,176122364,1,False,965415,965.41,-0.3895378015205041,Late
RPE1,chr4,1420181,2433656,1,False,1013475,1013.48,0.6626272373839052,Early
RPE1,chr4,28668369,29108713,1,False,440344,440.34,-0.7741455112013069,Late
RPE1,chr4,34978810,35091303,1,False,112493,112.49,-0.6972565889612504,Late
RPE1,chr4,37564117,38806933,2,True,1242816,1242.82,0.31610214162308925,Early
RPE1,chr4,39866268,40357903,2,True,491635,491.63,0.36724731746101985,Early
RPE1,chr4,65618306,66197231,1,False,578925,578.92,-0.4985777917668164,Late
RPE1,chr4,80909711,86027760,1,False,5118049,5118.05,0.05183041654985354,Mid
RPE1,chr4,92818016,94667392,1,False,1849376,1849.38,-0.7140416253279579,Late
RPE1,chr4,96261423,97836933,1,False,1575510,1575.51,-0.4203200132971587,Late
RPE1,chr4,108908380,109806184,1,False,897804,897.8,0.1327569528111949,Mid
RPE1,chr4,111390549,112206497,1,False,815948,815.95,-0.16784251227209188,Mid
RPE1,chr4,124867541,125072366,1,False,204825,204.82,-0.041660861657033296,Mid
RPE1,chr4,125607106,128383187,2,True,2776081,2776.08,-0.2595541749926919,Late
RPE1,chr4,132881247,133962430,2,True,1081183,1081.18,-0.5147897849413473,Late
RPE1,chr4,134647041,135184651,1,False,537610,537.61,-0.5103033218569003,Late
RPE1,chr4,137258455,137648059,1,False,389604,389.6,-0.4675929908492197,Late
RPE1,chr4,138481610,138894815,1,False,413205,413.2,-0.20821625801919064,Mid
RPE1,chr4,141086818,145036482,3,True,3949664,3949.66,0.07549933744210209,Mid
RPE1,chr4,164270402,166313838,4,True,2043436,2043.44,-0.12694744036604205,Mid
RPE1,chr4,172394718,172716781,1,False,322063,322.06,-0.6055599790348889,Late
RPE1,chr4,173356529,173692516,1,False,335987,335.99,-0.1271189108802896,Mid
RPE1,chr4,175460098,176294504,2,True,834406,834.41,-0.19397351529521653,Mid
RPE1,chr4,181210383,181731582,1,False,521199,521.2,-0.3575838708273831,Late
RPE1,chr5,26560009,27487240,2,True,927231,927.23,-0.5999007714625614,Late
RPE1,chr5,28147472,28515233,1,False,367761,367.76,-0.6818505856687915,Late
RPE1,chr5,32086350,33679333,1,False,1592983,1592.98,0.2601965877171815,Early
RPE1,chr5,34260945,35370452,1,False,1109507,1109.51,0.29370972307968723,Early
RPE1,chr5,59106537,59296028,1,False,189491,189.49,0.16964193951493045,Mid
RPE1,chr5,73115045,73634274,1,False,519229,519.23,0.5206874375250802,Early
RPE1,chr5,93201634,96091268,1,False,2889634,2889.63,0.24808350532507215,Mid
RPE1,chr5,97462435,98998825,2,True,1536390,1536.39,-0.18278510472818685,Mid
RPE1,chr5,100657358,102055362,1,False,1398004,1398.0,-0.5726658783987706,Late
RPE1,chr5,103354312,103582930,1,False,228618,228.62,-0.3764391569261638,Late
RPE1,chr5,105035107,105154275,1,False,119168,119.17,-0.4406003357562656,Late
RPE1,chr5,115273315,115681931,1,False,408616,408.62,-0.023580596806021363,Mid
RPE1,chr5,130371120,130705885,1,False,334765,334.76,0.10475173487075419,Mid
RPE1,chr5,140858701,141371593,1,False,512892,512.89,0.511770342201537,Early
RPE1,chr5,144690611,145434804,1,False,744193,744.19,0.3032592993645407,Early
RPE1,chr5,176764100,177410267,1,False,646167,646.17,0.47154314772322564,Early
RPE1,chr5,178119212,179095970,1,False,976758,976.76,-0.05292097928233926,Mid
RPE1,chr6,32673095,33542961,1,False,869866,869.87,0.4737189569194681,Early
RPE1,chr6,37739285,38271817,1,False,532532,532.53,0.43832054211935756,Early
RPE1,chr6,69308428,69619289,1,False,310861,310.86,-0.6931997375637404,Late
RPE1,chr6,70929686,71227367,1,False,297681,297.68,-0.3174890264162659,Late
RPE1,chr6,92651540,93085326,1,False,433786,433.79,-0.6146926328645601,Late
RPE1,chr6,96441283,96977412,1,False,536129,536.13,-0.6354823335359898,Late
RPE1,chr6,101594762,102135154,2,True,540392,540.39,-0.43774863547897497,Late
RPE1,chr6,126714869,128774713,1,False,2059844,2059.84,0.09113704595903768,Mid
RPE1,chr6,132118780,134868153,1,False,2749373,2749.37,0.24371263062211163,Mid
RPE1,chr6,139044238,139618046,1,False,573808,573.81,0.20195716224242005,Mid
RPE1,chr6,141909066,142280458,1,False,371392,371.39,-0.009163210143761624,Mid
RPE1,chr6,157181790,158286571,3,True,1104781,1104.78,0.4709775625130636,Early
RPE1,chr6,159273167,159946204,3,True,673037,673.04,0.25580951919606415,Early
RPE1,chr6,160461268,160782081,1,False,320813,320.81,0.13400943807881233,Mid
RPE1,chr6,161419957,161654907,1,False,234950,234.95,-0.038570326688038115,Mid
RPE1,chr6,169578483,170117232,1,False,538749,538.75,-0.09883128316111257,Mid
RPE1,chr7,69241273,70041415,8,True,800142,800.14,-0.4707688793998245,Late
RPE1,chr7,81662907,83028610,1,False,1365703,1365.7,0.10567529064750333,Mid
RPE1,chr7,83809743,84083519,1,False,273776,273.78,0.17478802709500108,Mid
RPE1,chr7,93682491,96044109,1,False,2361618,2361.62,-0.077793544350854,Mid
RPE1,chr7,106956575,107230031,1,False,273456,273.46,0.2574703110462978,Early
RPE1,chr7,107963711,108065589,1,False,101878,101.88,0.2237515054806212,Mid
RPE1,chr7,109449440,109664572,1,False,215132,215.13,-0.6249217082265329,Late
RPE1,chr7,110239111,110409456,1,False,170345,170.34,-0.5306664651235757,Late
RPE1,chr7,115499586,115789259,2,True,289673,289.67,0.2884506412629679,Early
RPE1,chr7,116330351,117125191,2,True,794840,794.84,0.32135318607988045,Early
RPE1,chr7,121719776,122063390,1,False,343614,343.61,-0.35222700096898235,Late
RPE1,chr7,126848839,129644749,4,True,2795910,2795.91,0.3346000675842519,Early
RPE1,chr7,130785995,131734542,3,True,948547,948.55,0.5097016222779192,Early
RPE1,chr7,151644068,152403353,1,False,759285,759.28,0.09872219517003362,Mid
RPE1,chr7,154258354,154678188,1,False,419834,419.83,-0.45523730634739673,Late
RPE1,chr7,156240493,157110013,1,False,869520,869.52,0.08879741631164878,Mid
RPE1,chr8,194788,5079847,1,False,4885059,4885.06,-0.3928836444199915,Late
RPE1,chr8,37867656,38036873,1,False,169217,169.22,0.5580693360530798,Early
RPE1,chr8,38772286,39133781,1,False,361495,361.5,0.46227638796022785,Early
RPE1,chr8,52791983,52941274,1,False,149291,149.29,-0.39129250787971653,Late
RPE1,chr8,54994784,55178532,1,False,183748,183.75,0.5703285873555117,Early
RPE1,chr8,97794297,98030394,1,False,236097,236.1,0.2061391380243748,Mid
RPE1,chr8,98943499,99185155,1,False,241656,241.66,0.5324682623744857,Early
RPE1,chr8,100072662,100553995,1,False,481333,481.33,-0.10102668319180762,Mid
RPE1,chr8,110407713,110846462,1,False,438749,438.75,-0.3803947737310332,Late
RPE1,chr8,112665398,114199275,3,True,1533877,1533.88,-0.5048665388316597,Late
RPE1,chr8,117879227,118618453,1,False,739226,739.23,0.194239928666705,Mid
RPE1,chr8,119934228,120120237,1,False,186009,186.01,0.05534176661579478,Mid
RPE1,chr8,122609897,123111867,2,True,501970,501.97,0.1364840768366197,Mid
RPE1,chr8,123579744,123818418,1,False,238674,238.67,0.4508982831967079,Early
RPE1,chr8,124419425,125160041,3,True,740616,740.62,0.45727463679427083,Early
RPE1,chr8,139411861,139678999,1,False,267138,267.14,-0.48513989599236346,Late
RPE1,chr8,140887712,141390833,1,False,503121,503.12,0.11312721661040916,Mid
RPE1,chr8,142417394,146301754,4,True,3884360,3884.36,0.32001897878125973,Early
RPE1,chr9,8891812,10600405,2,True,1708593,1708.59,-0.6122737727799501,Late
RPE1,chr9,20403365,20632389,1,False,229024,229.02,0.22152509301524,Mid
RPE1,chr9,21314998,21701738,1,False,386740,386.74,0.38036687093798055,Early
RPE1,chr9,86916970,87034263,1,False,117293,117.29,-0.11677471462872199,Mid
RPE1,chr9,89354522,89524224,1,False,169702,169.7,-0.513979603244187,Late
RPE1,chr9,94898372,95478996,1,False,580624,580.62,0.4222489762784909,Early
RPE1,chr9,106278721,106688630,1,False,409909,409.91,-0.5451883739065333,Late
RPE1,chr9,107898544,108065866,1,False,167322,167.32,0.5421717150506423,Early
RPE1,chr9,110015011,111139924,1,False,1124913,1124.91,0.14483775096636736,Mid
RPE1,chr9,118237588,119128333,2,True,890745,890.75,0.4322348302339338,Early
RPE1,chr9,124000792,124758902,1,False,758110,758.11,0.4799255601807294,Early
RPE1,chr9,134602162,135883079,2,True,1280917,1280.92,0.46965128246853555,Early
RPE1,chrX,4237985,6662910,3,True,2424925,2424.93,-0.5640024099115502,Late
RPE1,chrX,13235797,13775308,1,False,539511,539.51,0.29640484492988756,Early
RPE1,chrX,17247607,17733324,1,False,485717,485.72,0.029234351998376793,Mid
RPE1,chrX,45967149,47385533,1,False,1418384,1418.38,0.155267300624502,Mid
RPE1,chrX,69844814,71013868,1,False,1169054,1169.05,0.055071157322309404,Mid
RPE1,chrX,72080357,73209789,1,False,1129432,1129.43,-0.24114078267640407,Mid
RPE1,chrX,111145107,111859584,1,False,714477,714.48,-0.2842104715029221,Late
RPE1,chrX,114920963,115163973,1,False,243010,243.01,-0.022090434295192685,Mid
RPE1,chrX,129361755,129620976,1,False,259221,259.22,-0.0440665891558889,Mid
BJ,chr1,16499174,17410132,2,True,910958,910.96,0.51946254190321,Early
BJ,chr1,20050453,20302817,1,False,252364,252.36,0.31228989440844745,Early
BJ,chr1,57004490,57324531,1,False,320041,320.04,-0.12148919386714697,Mid
BJ,chr1,58064236,59010084,3,True,945848,945.85,-0.2432600713700357,Mid
BJ,chr1,71781551,72471136,3,True,689585,689.59,-0.611159050101725,Late
BJ,chr1,91751754,92024152,1,False,272398,272.4,0.09839265186334742,Mid
BJ,chr1,103610832,104458272,2,True,847440,847.44,-0.45069571865530417,Late
BJ,chr1,109417072,109526596,1,False,109524,109.52,0.2575278179863207,Early
BJ,chr1,245913663,246017362,1,False,103699,103.7,0.01568437998333304,Mid
BJ,chr10,57659655,57755039,1,False,95384,95.38,-0.8934250677100175,Late
BJ,chr10,82068091,82131720,1,False,63629,63.63,-0.05994987447752331,Mid
BJ,chr10,96139900,96242022,1,False,102122,102.12,0.09268568145748096,Mid
BJ,chr10,127614217,130772949,2,True,3158732,3158.73,-0.36086614489254226,Late
BJ,chr11,10931029,11229234,1,False,298205,298.2,0.10910953374367059,Mid
BJ,chr11,32481982,33041039,1,False,559057,559.06,-0.04454632984685723,Mid
BJ,chr11,36434967,36760732,1,False,325765,325.76,-0.013587865116415535,Mid
BJ,chr11,63843132,64153822,1,False,310690,310.69,0.6205764051039315,Early
BJ,chr11,66743590,67060449,1,False,316859,316.86,0.5414423081147874,Early
BJ,chr11,101396057,102023786,2,True,627729,627.73,-0.03191541765054241,Mid
BJ,chr11,102903389,103662587,2,True,759198,759.2,0.029003876763865986,Mid
BJ,chr12,16216437,16560284,1,False,343847,343.85,-0.22062283279973624,Mid
BJ,chr12,20942888,21078985,1,False,136097,136.1,-0.61782981980113,Late
BJ,chr12,24028060,24222195,1,False,194135,194.13,-0.8007261177840083,Late
BJ,chr12,46326510,46736900,1,False,410390,410.39,0.17889137877897907,Mid
BJ,chr12,50813560,51226879,1,False,413319,413.32,0.3941403311664489,Early
BJ,chr12,75400564,75989097,1,False,588533,588.53,-0.09623869334063775,Mid
BJ,chr12,81137854,81377041,1,False,239187,239.19,-0.02985903305079048,Mid
BJ,chr12,99810038,100152809,2,True,342771,342.77,-0.547982694368981,Late
BJ,chr13,48031388,48381308,1,False,349920,349.92,-0.24699431937848765,Mid
BJ,chr13,85509424,86118921,1,False,609497,609.5,-0.5502612246100904,Late
BJ,chr13,88158517,88463847,1,False,305330,305.33,-0.9011867400640464,Late
BJ,chr13,94189636,94535095,3,True,345459,345.46,-0.5464094242358336,Late
BJ,chr13,110563078,110710170,1,False,147092,147.09,0.11974602766634293,Mid
BJ,chr14,29977463,30169565,1,False,192102,192.1,-0.3058761607375037,Late
BJ,chr14,31833142,32040667,1,False,207525,207.53,0.070483287899601,Mid
BJ,chr14,39873542,40507326,2,True,633784,633.78,-0.4129842359976662,Late
BJ,chr14,41091437,41128701,1,False,37264,37.26,-0.6776156292720765,Late
BJ,chr14,55665363,56241886,1,False,576523,576.52,0.1838211330848838,Mid
BJ,chr14,98466359,98627471,2,True,161112,161.11,-0.6511652065858632,Late
BJ,chr14,99479587,99850075,1,False,370488,370.49,0.011339167838811778,Mid
BJ,chr15,28410211,28969577,3,True,559366,559.37,-0.30197394738907074,Late
BJ,chr15,32441642,33058383,4,True,616741,616.74,0.4978530093200029,Early
BJ,chr15,37736819,38486580,1,False,749761,749.76,-0.15192240045627728,Mid
BJ,chr15,42456513,42954231,1,False,497718,497.72,0.379862439652569,Early
BJ,chr15,63024784,63094355,1,False,69571,69.57,0.39648818660442,Early
BJ,chr15,63902433,64025257,1,False,122824,122.82,0.34287693110738454,Early
BJ,chr15,71986297,72079961,1,False,93664,93.66,0.2527663562076204,Early
BJ,chr15,84833835,86287650,2,True,1453815,1453.82,0.21804503448230525,Mid
BJ,chr16,11280785,11682257,1,False,401472,401.47,0.5299766438194359,Early
BJ,chr16,16793483,16885842,1,False,92359,92.36,-0.3282034027685732,Late
BJ,chr16,21886935,21980361,1,False,93426,93.43,0.08810598383622358,Mid
BJ,chr16,22407071,22660312,2,True,253241,253.24,0.19218549714642139,Mid
BJ,chr16,30294285,30741450,2,True,447165,447.17,0.5643841531975745,Early
BJ,chr16,66295707,66617733,1,False,322026,322.03,0.2825029259137522,Early
BJ,chr16,67972954,68423815,1,False,450861,450.86,0.5097728715752908,Early
BJ,chr16,70135576,70630751,1,False,495175,495.18,0.6114416051412253,Early
BJ,chr16,71038722,71507106,1,False,468384,468.38,-0.10230497570526874,Mid
BJ,chr16,77509569,77526025,1,False,16456,16.46,-0.511633323987867,Late
BJ,chr16,78394714,78906243,14,True,511529,511.53,-0.6756037001211177,Late
BJ,chr16,79975483,83265286,1,False,3289803,3289.8,0.04139946384708486,Mid
BJ,chr17,3676326,4077437,1,False,401111,401.11,0.4543350964465749,Early
BJ,chr17,17876136,18318842,1,False,442706,442.71,0.5383772245682832,Early
BJ,chr17,45591841,45817207,1,False,225366,225.37,0.45671911425320855,Early
BJ,chr17,46560845,47588120,1,False,1027275,1027.28,0.3677132627746338,Early
BJ,chr17,47998782,48072854,1,False,74072,74.07,0.5407906261493048,Early
BJ,chr17,48947876,49735355,2,True,787479,787.48,0.09890763477479533,Mid
BJ,chr18,949586,1207230,1,False,257644,257.64,-0.23322072154148965,Mid
BJ,chr18,8469257,8918629,2,True,449372,449.37,0.34830291826678694,Early
BJ,chr18,9703015,10160310,2,True,457295,457.3,0.31824314430794487,Early
BJ,chr18,26596840,26723000,1,False,126160,126.16,-0.40329004623262754,Late
BJ,chr18,29103291,29546190,1,False,442899,442.9,-0.6138716891524985,Late
BJ,chr18,34102012,34587079,3,True,485067,485.07,-0.029036942642945006,Mid
BJ,chr18,37029559,37142176,1,False,112617,112.62,-0.7756624960615709,Late
BJ,chr19,97617,1426847,6,True,1329230,1329.23,0.7638112066960118,Early
BJ,chr19,36415205,36854521,1,False,439316,439.32,0.3524193078893454,Early
BJ,chr19,37890012,38031576,1,False,141564,141.56,-0.23746835230580035,Mid
BJ,chr2,185339996,185507164,1,False,167168,167.17,-0.5250972493752712,Late
BJ,chr2,189664723,190123973,2,True,459250,459.25,0.22667461675845463,Mid
BJ,chr2,192654740,193050431,2,True,395691,395.69,0.03887790350208227,Mid
BJ,chr20,59939899,60238470,2,True,298571,298.57,-0.02820362206842384,Mid
BJ,chr22,23499336,24185576,1,False,686240,686.24,0.3731081086116422,Early
BJ,chr22,24669535,24985903,1,False,316368,316.37,0.5305566963272897,Early
BJ,chr22,47784946,49201826,2,True,1416880,1416.88,-0.17978062082423446,Mid
BJ,chr3,3723980,4448081,4,True,724101,724.1,-0.5985414501813945,Late
BJ,chr3,46818428,46968212,1,False,149784,149.78,0.3440723825651226,Early
BJ,chr3,50614404,50880056,1,False,265652,265.65,0.05581110820353198,Mid
BJ,chr3,67390185,67644584,1,False,254399,254.4,-0.2597598381240428,Late
BJ,chr3,75392420,77065472,5,True,1673052,1673.05,-0.6283621060849948,Late
BJ,chr3,98124966,98669552,1,False,544586,544.59,0.08765918826869877,Mid
BJ,chr3,105106660,105568560,1,False,461900,461.9,-0.046071169900251875,Mid
BJ,chr3,139308503,139922874,1,False,614371,614.37,-0.38571882427450216,Late
BJ,chr3,140890614,140996853,1,False,106239,106.24,0.2499804456462388,Mid
BJ,chr3,146187936,147251456,1,False,1063520,1063.52,-0.31684533982789664,Late
BJ,chr3,147732305,149498220,4,True,1765915,1765.91,-0.025607323219563518,Mid
BJ,chr3,150024678,150763138,2,True,738460,738.46,0.10183080043119398,Mid
BJ,chr3,155633345,156230167,1,False,596822,596.82,0.03531476620977516,Mid
BJ,chr3,156884175,157141587,1,False,257412,257.41,0.22100920637843305,Mid
BJ,chr3,159692236,160557065,1,False,864829,864.83,0.09111254535562088,Mid
BJ,chr3,169483607,170057710,1,False,574103,574.1,-0.03743636060124225,Mid
BJ,chr3,171662211,172018441,1,False,356230,356.23,0.20878622495081178,Mid
BJ,chr3,174935698,175324129,2,True,388431,388.43,-0.3427375587304535,Late
BJ,chr3,175915535,176034163,1,False,118628,118.63,-0.421462910595702,Late
BJ,chr4,1413458,1661178,2,True,247720,247.72,0.5243761015147279,Early
BJ,chr4,8534339,8819151,1,False,284812,284.81,0.1426627084605978,Mid
BJ,chr4,9673546,9778623,1,False,105077,105.08,-0.44778586275552446,Late
BJ,chr4,38809357,39129726,1,False,320369,320.37,0.191258850712987,Mid
BJ,chr4,40293244,40630538,1,False,337294,337.29,0.1361837969413233,Mid
BJ,chr4,63953982,64460585,1,False,506603,506.6,-0.9629929460827682,Late
BJ,chr4,65261509,65479570,1,False,218061,218.06,-0.8373353497942906,Late
BJ,chr4,88516827,89095718,1,False,578891,578.89,0.03324928417341211,Mid
BJ,chr4,98991915,99117738,1,False,125823,125.82,-0.2051023705639393,Mid
BJ,chr4,119331903,119414333,1,False,82430,82.43,0.042093962434122514,Mid
BJ,chr4,121395976,121483847,1,False,87871,87.87,-0.4544086501052301,Late
BJ,chr4,138085817,138255652,1,False,169835,169.84,-0.2806114270872504,Late
BJ,chr4,139359736,139430564,1,False,70828,70.83,-0.18357412193227046,Mid
BJ,chr4,145518334,145598143,1,False,79809,79.81,-0.43213598081882,Late
BJ,chr4,176618677,177337914,2,True,719237,719.24,-0.18797657951272645,Mid
BJ,chr4,177832155,178325776,2,True,493621,493.62,-0.006798758212394599,Mid
BJ,chr5,19193967,20771726,2,True,1577759,1577.76,-0.5841309694516611,Late
BJ,chr5,21449473,23109812,2,True,1660339,1660.34,-0.8917346156418237,Late
BJ,chr5,35490855,35558105,1,False,67250,67.25,-0.15188763116071696,Mid
BJ,chr5,36833052,36910768,1,False,77716,77.72,-0.19331062005805338,Mid
BJ,chr5,93561481,93730888,1,False,169407,169.41,-0.27247892499602716,Late
BJ,chr5,97975927,98667973,1,False,692046,692.05,-0.12087575567280241,Mid
BJ,chr5,100889080,101200331,1,False,311251,311.25,-0.907883012969733,Late
BJ,chr5,147776828,148287305,3,True,510477,510.48,0.0486178034693958,Mid
BJ,chr5,148836833,149305611,1,False,468778,468.78,0.343447738142642,Early
BJ,chr5,149931901,150765754,2,True,833853,833.85,0.28206043609738257,Early
BJ,chr5,174748470,175548969,1,False,800499,800.5,-0.21675614370198418,Mid
BJ,chr6,32025434,33051394,4,True,1025960,1025.96,0.054532340493829864,Mid
BJ,chr6,34035746,35155732,2,True,1119986,1119.99,0.34917364737913126,Early
BJ,chr6,37690023,38477640,2,True,787617,787.62,0.22026255450673787,Mid
BJ,chr6,38988486,39199033,1,False,210547,210.55,-0.30234313956931635,Late
BJ,chr6,41189077,41577510,1,False,388433,388.43,0.02690557825299453,Mid
BJ,chr6,71795424,71979416,1,False,183992,183.99,-0.05515236979068116,Mid
BJ,chr6,111671004,112139020,1,False,468016,468.02,0.2519690578941974,Early
BJ,chr6,114093727,114535071,1,False,441344,441.34,-0.11761323485819206,Mid
BJ,chr6,120528920,120690329,1,False,161409,161.41,-0.7880354374526172,Late
BJ,chr6,128075315,129186301,1,False,1110986,1110.99,-0.08267417579365507,Mid
BJ,chr6,131435917,131722601,1,False,286684,286.68,-0.045634820479496664,Mid
BJ,chr6,142894978,143369184,1,False,474206,474.21,0.09084164183524543,Mid
BJ,chr7,40039898,40663136,1,False,623238,623.24,0.051234505630263626,Mid
BJ,chr7,41957408,42432025,1,False,474617,474.62,0.06162270062116754,Mid
BJ,chr7,67200332,67540965,1,False,340633,340.63,-0.4972395869912824,Late
BJ,chr7,68268295,68652173,1,False,383878,383.88,-0.6503185716064127,Late
BJ,chr7,70346565,70772539,1,False,425974,425.97,-0.606110230235439,Late
BJ,chr7,79078180,79396956,1,False,318776,318.78,-0.031249169409734358,Mid
BJ,chr7,82049833,83577345,1,False,1527512,1527.51,-0.36760788266784844,Late
BJ,chr7,122191746,122677286,1,False,485540,485.54,-0.748419926402992,Late
BJ,chr7,123870119,124085249,1,False,215130,215.13,-0.48474783034058744,Late
BJ,chr7,132645930,132773156,1,False,127226,127.23,-0.12271952065502491,Mid
BJ,chr7,134063363,134274830,1,False,211467,211.47,0.2604042561711905,Early
BJ,chr8,11460904,12743458,6,True,1282554,1282.55,0.06817658889144892,Mid
BJ,chr8,54445613,54708315,1,False,262702,262.7,0.05231788127639308,Mid
BJ,chr8,56889731,57086486,1,False,196755,196.75,-0.04643979267037893,Mid
BJ,chr8,124649969,125214784,1,False,564815,564.82,0.08025017786694741,Mid
BJ,chr8,140970677,141084560,1,False,113883,113.88,-0.1469425379068273,Mid
BJ,chr9,16500707,16772915,1,False,272208,272.21,0.27952522454030304,Early
BJ,chr9,91765394,92043059,1,False,277665,277.67,-0.008826842166529365,Mid
BJ,chr9,93273585,93540492,1,False,266907,266.91,-0.28230963764122297,Late
BJ,chr9,118837696,119410918,1,False,573222,573.22,0.14691483327735738,Mid
BJ,chrX,1004111,1342402,1,False,338291,338.29,0.406385111217837,Early
BJ,chrX,28943252,29088650,1,False,145398,145.4,-0.5660735650027842,Late
BJ,chrX,44949882,45100982,1,False,151100,151.1,0.11363420191916819,Mid
BJ,chrX,46990920,47268590,1,False,277670,277.67,0.25471275407130983,Early
