cell_type,chrom,start,end,frequency,recurrent,region_width_bp,region_width_kb,nearest_other_cell_line,nearest_edge_distance_bp,nearest_edge_distance_kb,overlap_other_line,within_1mb_other_line
U2OS,chr1,71820920,72034520,4,True,213600,213.6,BJ,0,0.0,True,True
U2OS,chr1,81112245,81254164,1,False,141919,141.92,RPE1,8167059,8167.059,False,False
U2OS,chr1,93776765,94200752,2,True,423987,423.99,RPE1,0,0.0,True,True
U2OS,chr1,95192764,95430801,1,False,238037,238.04,RPE1,0,0.0,True,True
U2OS,chr1,115364959,115415185,1,False,50226,50.23,BJ,5838363,5838.363,False,False
U2OS,chr1,169736985,170401160,1,False,664175,664.17,RPE1,8411080,8411.08,False,False
U2OS,chr1,174664260,174729196,1,False,64936,64.94,RPE1,4825131,4825.131,False,False
U2OS,chr1,177659835,178109472,1,False,449637,449.64,RPE1,1444855,1444.855,False,False
U2OS,chr1,185609028,185982993,1,False,373965,373.96,RPE1,4272861,4272.861,False,False
U2OS,chr1,187284061,187805805,2,True,521744,521.74,RPE1,5947894,5947.894,False,False
U2OS,chr1,190524412,190885452,1,False,361040,361.04,RPE1,9188245,9188.245,False,False
U2OS,chr1,206332197,206939778,1,False,607581,607.58,RPE1,240916,240.916,False,True
U2OS,chr1,207946626,208123625,1,False,176999,177.0,RPE1,264609,264.609,False,True
U2OS,chr1,214424107,214884316,1,False,460209,460.21,RPE1,6742090,6742.09,False,False
U2OS,chr1,219909520,220014163,1,False,104643,104.64,RPE1,6584393,6584.393,False,False
U2OS,chr1,222046631,222314554,1,False,267923,267.92,RPE1,4284002,4284.002,False,False
U2OS,chr1,235047923,235242310,1,False,194387,194.39,RPE1,0,0.0,True,True
U2OS,chr1,238149733,239347101,2,True,1197368,1197.37,RPE1,0,0.0,True,True
U2OS,chr1,241136133,241769143,1,False,633010,633.01,RPE1,0,0.0,True,True
U2OS,chr1,244947220,245284543,1,False,337323,337.32,BJ,629120,629.12,False,True
U2OS,chr10,53321802,53981853,3,True,660051,660.05,BJ,3677802,3677.802,False,False
U2OS,chr10,56225505,56475494,1,False,249989,249.99,BJ,1184161,1184.161,False,False
U2OS,chr10,57450969,57897049,2,True,446080,446.08,BJ,0,0.0,True,True
U2OS,chr10,71854899,72510480,2,True,655581,655.58,BJ,9557611,9557.611,False,False
U2OS,chr10,73395933,74893440,3,True,1497507,1497.51,BJ,7174651,7174.651,False,False
U2OS,chr10,76625447,77279591,1,False,654144,654.14,BJ,4788500,4788.5,False,False
U2OS,chr10,94817088,95301026,1,False,483938,483.94,BJ,838874,838.874,False,True
U2OS,chr10,98299506,98415141,1,False,115635,115.64,BJ,2057484,2057.484,False,False
U2OS,chr10,98911886,99668843,2,True,756957,756.96,BJ,2669864,2669.864,False,False
U2OS,chr10,101791443,102268206,1,False,476763,476.76,BJ,5549421,5549.421,False,False
U2OS,chr10,102851888,103258906,1,False,407018,407.02,BJ,6609866,6609.866,False,False
U2OS,chr10,105627706,106305714,1,False,678008,678.01,RPE1,5948662,5948.662,False,False
U2OS,chr10,111510639,111563214,1,False,52575,52.58,RPE1,691162,691.162,False,True
U2OS,chr10,112187913,112792941,1,False,605028,605.03,RPE1,0,0.0,True,True
U2OS,chr10,116008472,116706899,1,False,698427,698.43,RPE1,347655,347.655,False,True
U2OS,chr10,131325887,131777091,1,False,451204,451.2,RPE1,531603,531.603,False,True
U2OS,chr10,132944661,133115628,1,False,170967,170.97,RPE1,2150377,2150.377,False,False
U2OS,chr11,7507896,8017950,1,False,510054,510.05,RPE1,1189445,1189.445,False,False
U2OS,chr11,21407066,21590044,1,False,182978,182.98,RPE1,3700520,3700.52,False,False
U2OS,chr11,23216599,23776160,1,False,559561,559.56,RPE1,5510053,5510.053,False,False
U2OS,chr11,30946885,31480705,1,False,533820,533.82,BJ,1001277,1001.277,False,False
U2OS,chr11,38188537,39917715,4,True,1729178,1729.18,RPE1,0,0.0,True,True
U2OS,chr11,60571554,60721831,1,False,150277,150.28,RPE1,2204533,2204.533,False,False
U2OS,chr11,97011427,97102550,1,False,91123,91.12,RPE1,3844277,3844.277,False,False
U2OS,chr11,99317590,100400434,2,True,1082844,1082.84,RPE1,546393,546.393,False,True
U2OS,chr12,9431114,11751203,2,True,2320089,2320.09,RPE1,2833999,2833.999,False,False
U2OS,chr12,58715447,58959270,1,False,243823,243.82,RPE1,0,0.0,True,True
U2OS,chr12,78316259,78394630,1,False,78371,78.37,RPE1,1641231,1641.231,False,False
U2OS,chr12,83263303,83486810,1,False,223507,223.51,RPE1,0,0.0,True,True
U2OS,chr12,100043945,100122479,1,False,78534,78.53,BJ,0,0.0,True,True
U2OS,chr12,115200691,115430475,1,False,229784,229.78,RPE1,9059124,9059.124,False,False
U2OS,chr12,125393108,125549417,1,False,156309,156.31,RPE1,3902542,3902.542,False,False
U2OS,chr13,27039381,27200486,1,False,161105,161.1,RPE1,4430829,4430.829,False,False
U2OS,chr13,29043197,29348323,1,False,305126,305.13,RPE1,2324649,2324.649,False,False
U2OS,chr13,45049580,45613167,1,False,563587,563.59,RPE1,1855837,1855.837,False,False
U2OS,chr13,56471990,56935535,1,False,463545,463.55,RPE1,5366252,5366.252,False,False
U2OS,chr13,61903828,62046410,1,False,142582,142.58,RPE1,255377,255.377,False,True
U2OS,chr13,64555084,64793756,2,True,238672,238.67,RPE1,1999101,1999.101,False,False
U2OS,chr13,67399212,68044428,2,True,645216,645.22,RPE1,519254,519.254,False,True
U2OS,chr13,73310141,73513256,1,False,203115,203.12,RPE1,252379,252.379,False,True
U2OS,chr13,76085401,76328171,1,False,242770,242.77,RPE1,1120840,1120.84,False,False
U2OS,chr13,107767924,108600161,3,True,832237,832.24,RPE1,0,0.0,True,True
U2OS,chr13,109564586,109720019,1,False,155433,155.43,BJ,843059,843.059,False,True
U2OS,chr14,26942766,28772821,6,True,1830055,1830.06,RPE1,0,0.0,True,True
U2OS,chr14,102599226,102730411,1,False,131185,131.19,BJ,2749151,2749.151,False,False
U2OS,chr15,43957399,44339528,1,False,382129,382.13,BJ,1003168,1003.168,False,False
U2OS,chr15,50065936,50393597,1,False,327661,327.66,RPE1,575688,575.688,False,True
U2OS,chr15,62935785,64916043,2,True,1980258,1980.26,RPE1,0,0.0,True,True
U2OS,chr15,82538156,83274630,2,True,736474,736.47,BJ,1559205,1559.205,False,False
U2OS,chr16,22505061,22650574,1,False,145513,145.51,BJ,0,0.0,True,True
U2OS,chr16,63266219,63438166,1,False,171947,171.95,RPE1,2587647,2587.647,False,False
U2OS,chr16,76245294,76476517,1,False,231223,231.22,BJ,1033052,1033.052,False,False
U2OS,chr16,82775382,83559037,3,True,783655,783.65,RPE1,0,0.0,True,True
U2OS,chr16,84185816,85429193,1,False,1243377,1243.38,RPE1,710406,710.406,False,True
U2OS,chr17,43469979,43719819,2,True,249840,249.84,RPE1,0,0.0,True,True
U2OS,chr17,45206369,45380602,1,False,174233,174.23,BJ,211239,211.239,False,True
U2OS,chr17,76023469,76304786,1,False,281317,281.32,RPE1,3235010,3235.01,False,False
U2OS,chr18,35144037,35311865,1,False,167828,167.83,BJ,556958,556.958,False,True
U2OS,chr18,36920299,37128050,2,True,207751,207.75,BJ,0,0.0,True,True
U2OS,chr19,914346,961859,1,False,47513,47.51,BJ,0,0.0,True,True
U2OS,chr19,1413672,1583938,1,False,170266,170.27,BJ,0,0.0,True,True
U2OS,chr19,2750321,2908792,1,False,158471,158.47,RPE1,264425,264.425,False,True
U2OS,chr19,3471784,3800056,1,False,328272,328.27,RPE1,985888,985.888,False,True
U2OS,chr19,4228139,4400826,1,False,172687,172.69,RPE1,1742243,1742.243,False,False
U2OS,chr19,5459357,6111434,2,True,652077,652.08,RPE1,2973461,2973.461,False,False
U2OS,chr19,6966821,7052683,1,False,85862,85.86,RPE1,4480925,4480.925,False,False
U2OS,chr19,12751880,13097411,1,False,345531,345.53,RPE1,10265984,10265.984,False,False
U2OS,chr19,35500003,35787633,1,False,287630,287.63,BJ,627572,627.572,False,True
U2OS,chr19,36526993,37062669,2,True,535676,535.68,BJ,0,0.0,True,True
U2OS,chr19,47224649,47494765,1,False,270116,270.12,RPE1,2677874,2677.874,False,False
U2OS,chr19,50592101,50992229,1,False,400128,400.13,RPE1,0,0.0,True,True
U2OS,chr2,14288022,15463787,2,True,1175765,1175.77,RPE1,20803519,20803.519,False,False
U2OS,chr2,24197336,24630772,1,False,433436,433.44,RPE1,11636534,11636.534,False,False
U2OS,chr2,63493105,64248469,1,False,755364,755.36,RPE1,23070572,23070.572,False,False
U2OS,chr2,64665063,65558797,1,False,893734,893.73,RPE1,24242530,24242.53,False,False
U2OS,chr2,66949664,73816468,5,True,6866804,6866.8,RPE1,26527131,26527.131,False,False
U2OS,chr2,104097920,104639166,1,False,541246,541.25,RPE1,21470251,21470.251,False,False
U2OS,chr2,147408672,149011251,1,False,1602579,1602.58,RPE1,3623152,3623.152,False,False
U2OS,chr2,150396219,151150865,1,False,754646,754.65,RPE1,2694422,2694.422,False,False
U2OS,chr2,159220831,160341182,1,False,1120351,1120.35,RPE1,0,0.0,True,True
U2OS,chr2,175649331,175836986,1,False,187655,187.66,RPE1,7844316,7844.316,False,False
U2OS,chr2,186476907,187985152,4,True,1508245,1508.24,RPE1,0,0.0,True,True
U2OS,chr2,199096755,199899222,1,False,802467,802.47,BJ,6046324,6046.324,False,False
U2OS,chr2,205485732,205525236,1,False,39504,39.5,BJ,12435301,12435.301,False,False
U2OS,chr2,235324915,235525155,1,False,200240,200.24,RPE1,5536802,5536.802,False,False
U2OS,chr2,236284998,236560355,1,False,275357,275.36,RPE1,4501602,4501.602,False,False
U2OS,chr2,239279127,239782945,1,False,503818,503.82,RPE1,1279012,1279.012,False,False
U2OS,chr20,13735324,13841867,1,False,106543,106.54,RPE1,4571916,4571.916,False,False
U2OS,chr20,17536481,18105661,1,False,569180,569.18,RPE1,372651,372.651,False,True
U2OS,chr21,22605992,23409158,1,False,803166,803.17,RPE1,822567,822.567,False,True
U2OS,chr21,30020577,30935677,1,False,915100,915.1,RPE1,2948951,2948.951,False,False
U2OS,chr22,41296337,42018333,2,True,721996,722.0,RPE1,5657772,5657.772,False,False
U2OS,chr3,19421864,19534909,1,False,113045,113.05,BJ,14973783,14973.783,False,False
U2OS,chr3,20527156,20883361,1,False,356205,356.2,BJ,16079075,16079.075,False,False
U2OS,chr3,34759793,35063044,1,False,303251,303.25,RPE1,9535276,9535.276,False,False
U2OS,chr3,55592623,55946229,1,False,353606,353.61,BJ,4712567,4712.567,False,False
U2OS,chr3,66836311,68279247,4,True,1442936,1442.94,RPE1,0,0.0,True,True
U2OS,chr3,127850369,129237759,1,False,1387390,1387.39,BJ,10070744,10070.744,False,False
U2OS,chr3,131034340,131468733,1,False,434393,434.39,BJ,7839770,7839.77,False,False
U2OS,chr3,136462301,138323024,1,False,1860723,1860.72,BJ,985479,985.479,False,True
U2OS,chr3,167124177,167329367,1,False,205190,205.19,RPE1,516441,516.441,False,True
U2OS,chr3,180424301,180828306,1,False,404005,404.0,RPE1,4301937,4301.937,False,False
U2OS,chr4,19131381,19639842,6,True,508461,508.46,RPE1,9028527,9028.527,False,False
U2OS,chr4,66401541,66913486,1,False,511945,511.94,RPE1,204310,204.31,False,True
U2OS,chr4,83477631,83672211,1,False,194580,194.58,RPE1,0,0.0,True,True
U2OS,chr4,93964870,95021538,4,True,1056668,1056.67,RPE1,0,0.0,True,True
U2OS,chr4,98542645,98849813,1,False,307168,307.17,BJ,142102,142.102,False,True
U2OS,chr4,102307236,102530036,1,False,222800,222.8,BJ,3189498,3189.498,False,False
U2OS,chr4,104548869,105285088,1,False,736219,736.22,RPE1,3623292,3623.292,False,False
U2OS,chr4,163924165,164122282,1,False,198117,198.12,RPE1,148120,148.12,False,True
U2OS,chr4,185834451,186075915,1,False,241464,241.46,RPE1,4102869,4102.869,False,False
U2OS,chr5,10211151,10770562,1,False,559411,559.41,BJ,8423405,8423.405,False,False
U2OS,chr5,17459294,17603043,2,True,143749,143.75,BJ,1590924,1590.924,False,False
U2OS,chr5,34175736,35024134,4,True,848398,848.4,RPE1,0,0.0,True,True
U2OS,chr5,59458646,59501754,1,False,43108,43.11,RPE1,162618,162.618,False,True
U2OS,chr5,84339844,84612872,1,False,273028,273.03,RPE1,8588762,8588.762,False,False
U2OS,chr5,98905191,99369934,1,False,464743,464.74,RPE1,0,0.0,True,True
U2OS,chr5,122924151,123010703,1,False,86552,86.55,RPE1,7242220,7242.22,False,False
U2OS,chr5,123896451,124168533,1,False,272082,272.08,RPE1,6202587,6202.587,False,False
U2OS,chr5,128869993,129295685,2,True,425692,425.69,RPE1,1075435,1075.435,False,False
U2OS,chr5,139533133,139599011,1,False,65878,65.88,RPE1,1259690,1259.69,False,False
U2OS,chr5,152911904,153127901,1,False,215997,216.0,BJ,2146150,2146.15,False,False
U2OS,chr5,158811171,161308983,1,False,2497812,2497.81,BJ,8045417,8045.417,False,False
U2OS,chr5,171746876,172214110,1,False,467234,467.23,BJ,2534360,2534.36,False,False
U2OS,chr6,10890818,11278245,1,False,387427,387.43,BJ,20747189,20747.189,False,False
U2OS,chr6,12632403,13067559,1,False,435156,435.16,BJ,18957875,18957.875,False,False
U2OS,chr6,72139234,72463454,1,False,324220,324.22,BJ,159818,159.818,False,True
U2OS,chr6,79294291,79471012,1,False,176721,176.72,BJ,7314875,7314.875,False,False
U2OS,chr6,93014305,93328128,2,True,313823,313.82,RPE1,0,0.0,True,True
U2OS,chr6,94320036,94530163,1,False,210127,210.13,RPE1,1234710,1234.71,False,False
U2OS,chr6,124043236,124292997,1,False,249761,249.76,RPE1,2421872,2421.872,False,False
U2OS,chr6,126448768,126796461,1,False,347693,347.69,RPE1,0,0.0,True,True
U2OS,chr6,129420435,129624670,1,False,204235,204.24,BJ,234134,234.134,False,True
U2OS,chr7,18503763,19282105,2,True,778342,778.34,BJ,20757793,20757.793,False,False
U2OS,chr7,41963597,42228759,1,False,265162,265.16,BJ,0,0.0,True,True
U2OS,chr7,69240116,69407061,1,False,166945,166.94,RPE1,0,0.0,True,True
U2OS,chr7,78148534,79378365,4,True,1229831,1229.83,BJ,0,0.0,True,True
U2OS,chr7,87496526,88558525,2,True,1061999,1062.0,RPE1,3413007,3413.007,False,False
U2OS,chr7,89605681,90068016,1,False,462335,462.33,RPE1,3614475,3614.475,False,False
U2OS,chr7,100094213,100612415,1,False,518202,518.2,RPE1,4050104,4050.104,False,False
U2OS,chr7,109966780,110094808,4,True,128028,128.03,RPE1,144303,144.303,False,True
U2OS,chr7,110756761,111517242,3,True,760481,760.48,RPE1,347305,347.305,False,True
U2OS,chr7,116399830,117021345,1,False,621515,621.51,RPE1,0,0.0,True,True
U2OS,chr7,124887415,125085523,1,False,198108,198.11,BJ,802166,802.166,False,True
U2OS,chr7,139378856,139522241,1,False,143385,143.38,BJ,5104026,5104.026,False,False
U2OS,chr8,14695845,14791794,1,False,95949,95.95,BJ,1952387,1952.387,False,False
U2OS,chr8,16759393,20750517,2,True,3991124,3991.12,BJ,4015935,4015.935,False,False
U2OS,chr8,35089015,35229563,1,False,140548,140.55,RPE1,2638093,2638.093,False,False
U2OS,chr8,36146570,36392239,1,False,245669,245.67,RPE1,1475417,1475.417,False,False
U2OS,chr8,39999865,40385911,1,False,386046,386.05,RPE1,866084,866.084,False,True
U2OS,chr8,62941234,63076618,1,False,135384,135.38,BJ,5854748,5854.748,False,False
U2OS,chr8,64251688,64887340,1,False,635652,635.65,BJ,7165202,7165.202,False,False
U2OS,chr8,65734902,66097254,1,False,362352,362.35,BJ,8648416,8648.416,False,False
U2OS,chr8,69425550,69992417,2,True,566867,566.87,BJ,12339064,12339.064,False,False
U2OS,chr8,72734953,73003783,1,False,268830,268.83,BJ,15648467,15648.467,False,False
U2OS,chr8,110972201,111028684,1,False,56483,56.48,RPE1,125739,125.739,False,True
U2OS,chr8,120703789,120796187,1,False,92398,92.4,RPE1,583552,583.552,False,True
U2OS,chr8,121859951,121893936,1,False,33985,33.98,RPE1,715961,715.961,False,True
U2OS,chr8,128311874,128652080,1,False,340206,340.21,BJ,3097090,3097.09,False,False
U2OS,chr8,131367067,131641200,1,False,274133,274.13,BJ,6152283,6152.283,False,False
U2OS,chr8,132235649,132393416,1,False,157767,157.77,RPE1,7018445,7018.445,False,False
U2OS,chr8,136248007,137957216,1,False,1709209,1709.21,RPE1,1454645,1454.645,False,False
U2OS,chr9,44907911,66251395,1,False,21343484,21343.48,RPE1,20665575,20665.575,False,False
U2OS,chr9,81267182,81325269,1,False,58087,58.09,RPE1,5591701,5591.701,False,False
U2OS,chr9,85126896,87060222,4,True,1933326,1933.33,RPE1,0,0.0,True,True
U2OS,chr9,92104925,92261403,1,False,156478,156.48,BJ,61866,61.866,False,True
U2OS,chr9,119316698,119740197,2,True,423499,423.5,BJ,0,0.0,True,True
U2OS,chr9,122112187,122643213,1,False,531026,531.03,RPE1,1357579,1357.579,False,False
U2OS,chr9,124810313,124964495,1,False,154182,154.18,RPE1,51411,51.411,False,True
U2OS,chr9,138955818,139044795,1,False,88977,88.98,RPE1,3072739,3072.739,False,False
U2OS,chrX,75326207,75433493,1,False,107286,107.29,RPE1,2116418,2116.418,False,False
U2OS,chrX,81413181,81537782,1,False,124601,124.6,RPE1,8203392,8203.392,False,False
U2OS,chrX,90764204,90853467,1,False,89263,89.26,RPE1,17554415,17554.415,False,False
U2OS,chrX,96461366,96708255,3,True,246889,246.89,RPE1,14436852,14436.852,False,False
U2OS,chrX,120560083,120655955,1,False,95872,95.87,RPE1,5396110,5396.11,False,False
RPE1,chr1,3827201,5550783,2,True,1723582,1723.58,BJ,10948391,10948.391,False,False
RPE1,chr1,16466167,18220095,5,True,1753928,1753.93,BJ,0,0.0,True,True
RPE1,chr1,30784843,31244468,1,False,459625,459.62,BJ,10482026,10482.026,False,False
RPE1,chr1,33598009,35148767,2,True,1550758,1550.76,BJ,13295192,13295.192,False,False
RPE1,chr1,37308370,37563712,1,False,255342,255.34,BJ,17005553,17005.553,False,False
RPE1,chr1,72148338,72945186,2,True,796848,796.85,BJ,0,0.0,True,True
RPE1,chr1,92452466,94612753,5,True,2160287,2160.29,U2OS,0,0.0,True,True
RPE1,chr1,95291508,96317234,5,True,1025726,1025.73,U2OS,0,0.0,True,True
RPE1,chr1,160854484,161325905,1,False,471421,471.42,U2OS,8411080,8411.08,False,False
RPE1,chr1,179554327,181336167,1,False,1781840,1781.84,U2OS,1444855,1444.855,False,False
RPE1,chr1,204470702,205883277,1,False,1412575,1412.58,U2OS,448920,448.92,False,True
RPE1,chr1,207180694,207682017,1,False,501323,501.32,U2OS,240916,240.916,False,True
RPE1,chr1,226598556,243430364,1,False,16831808,16831.81,U2OS,0,0.0,True,True
RPE1,chr10,60187713,60472277,1,False,284564,284.56,U2OS,2290664,2290.664,False,False
RPE1,chr10,91116761,93776182,3,True,2659421,2659.42,U2OS,1040906,1040.906,False,False
RPE1,chr10,112254376,112579731,1,False,325355,325.36,U2OS,0,0.0,True,True
RPE1,chr10,117054554,127331775,5,True,10277221,10277.22,BJ,282442,282.442,False,True
RPE1,chr10,127971059,128042001,1,False,70942,70.94,BJ,0,0.0,True,True
RPE1,chr10,128898611,130794284,5,True,1895673,1895.67,BJ,0,0.0,True,True
RPE1,chr11,776604,4679877,9,True,3903273,3903.27,U2OS,2828019,2828.019,False,False
RPE1,chr11,5717178,6318451,1,False,601273,601.27,U2OS,1189445,1189.445,False,False
RPE1,chr11,15835792,17706546,3,True,1870754,1870.75,U2OS,3700520,3700.52,False,False
RPE1,chr11,34998593,35431590,1,False,432997,433.0,BJ,1003377,1003.377,False,False
RPE1,chr11,37467593,38340949,1,False,873356,873.36,U2OS,0,0.0,True,True
RPE1,chr11,57512884,57667983,1,False,155099,155.1,U2OS,2903571,2903.571,False,False
RPE1,chr11,62926364,64708065,3,True,1781701,1781.7,BJ,0,0.0,True,True
RPE1,chr11,66634679,67686632,3,True,1051953,1051.95,BJ,0,0.0,True,True
RPE1,chr11,68122054,68846215,1,False,724161,724.16,BJ,1061605,1061.605,False,False
RPE1,chr11,78308513,78853528,1,False,545015,545.01,BJ,11248064,11248.064,False,False
RPE1,chr11,79360231,81083602,2,True,1723371,1723.37,BJ,12299782,12299.782,False,False
RPE1,chr11,82809008,83112821,1,False,303813,303.81,U2OS,13898606,13898.606,False,False
RPE1,chr11,87844452,89240195,7,True,1395743,1395.74,U2OS,7771232,7771.232,False,False
RPE1,chr11,89705031,92053060,6,True,2348029,2348.03,U2OS,4958367,4958.367,False,False
RPE1,chr11,100946827,101069145,1,False,122318,122.32,BJ,326912,326.912,False,True
RPE1,chr11,124453200,124570596,1,False,117396,117.4,BJ,20790613,20790.613,False,False
RPE1,chr12,1857408,2188667,2,True,331259,331.26,U2OS,7242447,7242.447,False,False
RPE1,chr12,6362581,6597115,1,False,234534,234.53,U2OS,2833999,2833.999,False,False
RPE1,chr12,22825710,23218233,1,False,392523,392.52,BJ,809827,809.827,False,True
RPE1,chr12,24595360,25668785,2,True,1073425,1073.42,BJ,373165,373.165,False,True
RPE1,chr12,28222823,29029162,1,False,806339,806.34,BJ,4000628,4000.628,False,False
RPE1,chr12,30379409,30694088,3,True,314679,314.68,BJ,6157214,6157.214,False,False
RPE1,chr12,46009763,46759912,1,False,750149,750.15,BJ,0,0.0,True,True
RPE1,chr12,49328255,49576684,1,False,248429,248.43,BJ,1236876,1236.876,False,False
RPE1,chr12,58165793,59081024,2,True,915231,915.23,U2OS,0,0.0,True,True
RPE1,chr12,74407960,74648323,1,False,240363,240.36,BJ,752241,752.241,False,True
RPE1,chr12,75718082,76541952,2,True,823870,823.87,BJ,0,0.0,True,True
RPE1,chr12,80035861,80457459,1,False,421598,421.6,BJ,680395,680.395,False,True
RPE1,chr12,81479632,82367768,1,False,888136,888.14,BJ,102591,102.591,False,True
RPE1,chr12,83113361,84166761,1,False,1053400,1053.4,U2OS,0,0.0,True,True
RPE1,chr12,103947568,104236968,1,False,289400,289.4,BJ,3794759,3794.759,False,False
RPE1,chr12,105694186,106141567,1,False,447381,447.38,BJ,5541377,5541.377,False,False
RPE1,chr12,129451959,130196212,1,False,744253,744.25,U2OS,3902542,3902.542,False,False
RPE1,chr13,22280789,22608552,1,False,327763,327.76,U2OS,4430829,4430.829,False,False
RPE1,chr13,31672972,32001540,1,False,328568,328.57,U2OS,2324649,2324.649,False,False
RPE1,chr13,33276567,33713786,1,False,437219,437.22,U2OS,3928244,3928.244,False,False
RPE1,chr13,35602703,36180199,1,False,577496,577.5,U2OS,6254380,6254.38,False,False
RPE1,chr13,47469004,48649393,6,True,1180389,1180.39,BJ,0,0.0,True,True
RPE1,chr13,62301787,62555983,1,False,254196,254.2,U2OS,255377,255.377,False,True
RPE1,chr13,68563682,69296514,1,False,732832,732.83,U2OS,519254,519.254,False,True
RPE1,chr13,70614260,73057762,4,True,2443502,2443.5,U2OS,252379,252.379,False,True
RPE1,chr13,77449011,78770679,1,False,1321668,1321.67,U2OS,1120840,1120.84,False,False
RPE1,chr13,86267698,86574005,1,False,306307,306.31,BJ,148777,148.777,False,True
RPE1,chr13,87218375,87670463,2,True,452088,452.09,BJ,488054,488.054,False,True
RPE1,chr13,88987724,89061331,1,False,73607,73.61,BJ,523877,523.877,False,True
RPE1,chr13,94594790,94680916,1,False,86126,86.13,BJ,59695,59.695,False,True
RPE1,chr13,102565689,102770800,1,False,205111,205.11,U2OS,4997124,4997.124,False,False
RPE1,chr13,104598301,104849259,1,False,250958,250.96,U2OS,2918665,2918.665,False,False
RPE1,chr13,107845252,108209410,1,False,364158,364.16,U2OS,0,0.0,True,True
RPE1,chr14,22377418,22776721,1,False,399303,399.3,U2OS,4166045,4166.045,False,False
RPE1,chr14,23443624,23892974,1,False,449350,449.35,U2OS,3049792,3049.792,False,False
RPE1,chr14,25500267,26298582,1,False,798315,798.32,U2OS,644184,644.184,False,True
RPE1,chr14,27536066,29275164,3,True,1739098,1739.1,U2OS,0,0.0,True,True
RPE1,chr14,39879859,40026395,1,False,146536,146.54,BJ,0,0.0,True,True
RPE1,chr14,42766887,43080754,1,False,313867,313.87,BJ,1638186,1638.186,False,False
RPE1,chr14,43753332,44657962,2,True,904630,904.63,BJ,2624631,2624.631,False,False
RPE1,chr14,49443036,50341182,5,True,898146,898.15,BJ,5324181,5324.181,False,False
RPE1,chr14,51276155,52052495,1,False,776340,776.34,BJ,3612868,3612.868,False,False
RPE1,chr14,53189279,54386253,3,True,1196974,1196.97,BJ,1279110,1279.11,False,False
RPE1,chr14,72398101,72591363,1,False,193262,193.26,BJ,16156215,16156.215,False,False
RPE1,chr14,73330495,73692709,1,False,362214,362.21,BJ,17088609,17088.609,False,False
RPE1,chr14,83350700,83605575,1,False,254875,254.88,BJ,14860784,14860.784,False,False
RPE1,chr14,84373338,84700975,1,False,327637,327.64,BJ,13765384,13765.384,False,False
RPE1,chr14,105936215,106221465,1,False,285250,285.25,U2OS,3205804,3205.804,False,False
RPE1,chr15,30356252,31427137,1,False,1070885,1070.88,BJ,1014505,1014.505,False,False
RPE1,chr15,38587032,39073741,1,False,486709,486.71,BJ,100452,100.452,False,True
RPE1,chr15,40913460,41538519,1,False,625059,625.06,BJ,917994,917.994,False,True
RPE1,chr15,48502847,48562682,1,False,59835,59.84,U2OS,1503254,1503.254,False,False
RPE1,chr15,49388608,49490248,1,False,101640,101.64,U2OS,575688,575.688,False,True
RPE1,chr15,62512331,63151318,1,False,638987,638.99,U2OS,0,0.0,True,True
RPE1,chr15,68833880,69381280,1,False,547400,547.4,BJ,2605017,2605.017,False,False
RPE1,chr16,58483294,59155474,1,False,672180,672.18,U2OS,4110745,4110.745,False,False
RPE1,chr16,60191228,60678572,1,False,487344,487.34,U2OS,2587647,2587.647,False,False
RPE1,chr16,68004098,69210100,3,True,1206002,1206.0,BJ,0,0.0,True,True
RPE1,chr16,81572706,83275050,2,True,1702344,1702.34,U2OS,0,0.0,True,True
RPE1,chr16,86139599,87555092,1,False,1415493,1415.49,U2OS,710406,710.406,False,True
RPE1,chr17,831093,2536196,2,True,1705103,1705.1,BJ,1140130,1140.13,False,False
RPE1,chr17,15814143,18397104,5,True,2582961,2582.96,BJ,0,0.0,True,True
RPE1,chr17,41722737,44769220,3,True,3046483,3046.48,U2OS,0,0.0,True,True
RPE1,chr17,45611336,49626555,4,True,4015219,4015.22,BJ,0,0.0,True,True
RPE1,chr17,50811391,50952327,1,False,140936,140.94,BJ,1076036,1076.036,False,False
RPE1,chr17,51690469,52228166,1,False,537697,537.7,BJ,1955114,1955.114,False,False
RPE1,chr17,52708775,52952591,1,False,243816,243.82,BJ,2973420,2973.42,False,False
RPE1,chr17,55947608,57654142,1,False,1706534,1706.53,BJ,6212253,6212.253,False,False
RPE1,chr17,59256218,62311094,4,True,3054876,3054.88,BJ,9520863,9520.863,False,False
RPE1,chr17,63208686,64044525,1,False,835839,835.84,U2OS,11978944,11978.944,False,False
RPE1,chr17,66947593,67530097,1,False,582504,582.5,U2OS,8493372,8493.372,False,False
RPE1,chr17,69000522,69126763,1,False,126241,126.24,U2OS,6896706,6896.706,False,False
RPE1,chr17,71128766,72788459,1,False,1659693,1659.69,U2OS,3235010,3235.01,False,False
RPE1,chr18,132313,1355237,1,False,1222924,1222.92,BJ,0,0.0,True,True
RPE1,chr18,8189818,9093153,2,True,903335,903.34,BJ,0,0.0,True,True
RPE1,chr18,28627391,28745997,1,False,118606,118.61,BJ,357294,357.294,False,True
RPE1,chr18,29932658,30670148,2,True,737490,737.49,BJ,386468,386.468,False,True
RPE1,chr18,31541303,32243500,1,False,702197,702.2,BJ,1858512,1858.512,False,False
RPE1,chr18,32849195,33299443,1,False,450248,450.25,BJ,802569,802.569,False,True
RPE1,chr18,33790641,34057120,1,False,266479,266.48,BJ,44892,44.892,False,True
RPE1,chr18,62835650,63461670,2,True,626020,626.02,BJ,25693474,25693.474,False,False
RPE1,chr18,63970243,64367034,2,True,396791,396.79,BJ,26828067,26828.067,False,False
RPE1,chr18,67982477,68626998,2,True,644521,644.52,BJ,30840301,30840.301,False,False
RPE1,chr18,69716584,69945052,1,False,228468,228.47,BJ,32574408,32574.408,False,False
RPE1,chr18,70622569,71648428,1,False,1025859,1025.86,BJ,33480393,33480.393,False,False
RPE1,chr18,72905070,73067799,1,False,162729,162.73,BJ,35762894,35762.894,False,False
RPE1,chr19,963034,1244454,1,False,281420,281.42,BJ,0,0.0,True,True
RPE1,chr19,1806181,2485896,1,False,679715,679.72,U2OS,222243,222.243,False,True
RPE1,chr19,29271431,29834281,2,True,562850,562.85,U2OS,5665722,5665.722,False,False
RPE1,chr19,31777177,33049956,1,False,1272779,1272.78,U2OS,2450047,2450.047,False,False
RPE1,chr19,33919794,34086097,1,False,166303,166.3,U2OS,1413906,1413.906,False,False
RPE1,chr19,50172639,50652435,1,False,479796,479.8,U2OS,0,0.0,True,True
RPE1,chr19,52787836,53031412,1,False,243576,243.58,U2OS,1795607,1795.607,False,False
RPE1,chr19,53699166,54180337,1,False,481171,481.17,U2OS,2706937,2706.937,False,False
RPE1,chr19,55483934,59074856,1,False,3590922,3590.92,U2OS,4491705,4491.705,False,False
RPE1,chr2,36267306,36892169,1,False,624863,624.86,U2OS,11636534,11636.534,False,False
RPE1,chr2,38955259,40422533,1,False,1467274,1467.27,U2OS,14324487,14324.487,False,False
RPE1,chr2,126109417,126840083,1,False,730666,730.67,U2OS,20568589,20568.589,False,False
RPE1,chr2,139909209,140091699,1,False,182490,182.49,U2OS,7316973,7316.973,False,False
RPE1,chr2,141329797,141832960,3,True,503163,503.16,U2OS,5575712,5575.712,False,False
RPE1,chr2,143057083,143785520,1,False,728437,728.44,U2OS,3623152,3623.152,False,False
RPE1,chr2,153845287,154182306,1,False,337019,337.02,U2OS,2694422,2694.422,False,False
RPE1,chr2,158163804,158654916,1,False,491112,491.11,U2OS,565915,565.915,False,True
RPE1,chr2,160252588,160358185,1,False,105597,105.6,U2OS,0,0.0,True,True
RPE1,chr2,161427746,162410933,2,True,983187,983.19,U2OS,1086564,1086.564,False,False
RPE1,chr2,167455941,167805015,1,False,349074,349.07,U2OS,7114759,7114.759,False,False
RPE1,chr2,184992767,185241141,1,False,248374,248.37,BJ,98855,98.855,False,True
RPE1,chr2,186856124,187201883,1,False,345759,345.76,U2OS,0,0.0,True,True
RPE1,chr2,189495305,190119567,1,False,624262,624.26,BJ,0,0.0,True,True
RPE1,chr2,241061957,243046501,1,False,1984544,1984.54,U2OS,1279012,1279.012,False,False
RPE1,chr20,7427554,8388099,1,False,960545,960.54,U2OS,5347225,5347.225,False,False
RPE1,chr20,8797868,9163408,1,False,365540,365.54,U2OS,4571916,4571.916,False,False
RPE1,chr20,18478312,18619475,2,True,141163,141.16,U2OS,372651,372.651,False,True
RPE1,chr20,54328847,55785606,1,False,1456759,1456.76,BJ,4154293,4154.293,False,False
RPE1,chr20,57805907,58289372,1,False,483465,483.46,BJ,1650527,1650.527,False,False
RPE1,chr20,59457521,61264420,2,True,1806899,1806.9,BJ,0,0.0,True,True
RPE1,chr21,21425553,21783425,1,False,357872,357.87,U2OS,822567,822.567,False,True
RPE1,chr21,24971492,27071626,2,True,2100134,2100.13,U2OS,1562334,1562.334,False,False
RPE1,chr21,40372549,41089657,1,False,717108,717.11,U2OS,9436872,9436.872,False,False
RPE1,chr21,41536524,43154111,2,True,1617587,1617.59,U2OS,10600847,10600.847,False,False
RPE1,chr21,45332391,45741864,1,False,409473,409.47,U2OS,14396714,14396.714,False,False
RPE1,chr21,46375473,47389633,1,False,1014160,1014.16,U2OS,15439796,15439.796,False,False
RPE1,chr22,26463524,26741012,1,False,277488,277.49,BJ,1477621,1477.621,False,False
RPE1,chr22,35405567,35638565,1,False,232998,233.0,U2OS,5657772,5657.772,False,False
RPE1,chr3,44598320,44958017,1,False,359697,359.7,BJ,1860411,1860.411,False,False
RPE1,chr3,46813752,47621821,2,True,808069,808.07,BJ,0,0.0,True,True
RPE1,chr3,65444932,65571442,1,False,126510,126.51,U2OS,1264869,1264.869,False,False
RPE1,chr3,67712240,67984715,1,False,272475,272.48,U2OS,0,0.0,True,True
RPE1,chr3,78770683,79178878,1,False,408195,408.19,BJ,1705211,1705.211,False,False
RPE1,chr3,110764936,111154132,1,False,389196,389.2,BJ,5196376,5196.376,False,False
RPE1,chr3,112895005,113035615,1,False,140610,140.61,BJ,7326445,7326.445,False,False
RPE1,chr3,148608870,149101703,1,False,492833,492.83,BJ,0,0.0,True,True
RPE1,chr3,150039772,150519700,1,False,479928,479.93,BJ,0,0.0,True,True
RPE1,chr3,164338311,164594404,1,False,256093,256.09,U2OS,2529773,2529.773,False,False
RPE1,chr3,166420941,166607736,1,False,186795,186.79,U2OS,516441,516.441,False,True
RPE1,chr3,169546053,170533574,1,False,987521,987.52,BJ,0,0.0,True,True
RPE1,chr3,172366132,174301758,2,True,1935626,1935.63,BJ,347691,347.691,False,True
RPE1,chr3,175156949,176122364,1,False,965415,965.41,BJ,0,0.0,True,True
RPE1,chr4,1420181,2433656,1,False,1013475,1013.48,BJ,0,0.0,True,True
RPE1,chr4,28668369,29108713,1,False,440344,440.34,U2OS,9028527,9028.527,False,False
RPE1,chr4,34978810,35091303,1,False,112493,112.49,BJ,3718054,3718.054,False,False
RPE1,chr4,37564117,38806933,2,True,1242816,1242.82,BJ,2424,2.424,False,True
RPE1,chr4,39866268,40357903,2,True,491635,491.63,BJ,0,0.0,True,True
RPE1,chr4,65618306,66197231,1,False,578925,578.92,BJ,138736,138.736,False,True
RPE1,chr4,80909711,86027760,1,False,5118049,5118.05,U2OS,0,0.0,True,True
RPE1,chr4,92818016,94667392,1,False,1849376,1849.38,U2OS,0,0.0,True,True
RPE1,chr4,96261423,97836933,1,False,1575510,1575.51,U2OS,705712,705.712,False,True
RPE1,chr4,108908380,109806184,1,False,897804,897.8,U2OS,3623292,3623.292,False,False
RPE1,chr4,111390549,112206497,1,False,815948,815.95,U2OS,6105461,6105.461,False,False
RPE1,chr4,124867541,125072366,1,False,204825,204.82,BJ,3383694,3383.694,False,False
RPE1,chr4,125607106,128383187,2,True,2776081,2776.08,BJ,4123259,4123.259,False,False
RPE1,chr4,132881247,133962430,2,True,1081183,1081.18,BJ,4123387,4123.387,False,False
RPE1,chr4,134647041,135184651,1,False,537610,537.61,BJ,2901166,2901.166,False,False
RPE1,chr4,137258455,137648059,1,False,389604,389.6,BJ,437758,437.758,False,True
RPE1,chr4,138481610,138894815,1,False,413205,413.2,BJ,225958,225.958,False,True
RPE1,chr4,141086818,145036482,3,True,3949664,3949.66,BJ,481852,481.852,False,True
RPE1,chr4,164270402,166313838,4,True,2043436,2043.44,U2OS,148120,148.12,False,True
RPE1,chr4,172394718,172716781,1,False,322063,322.06,BJ,3901896,3901.896,False,False
RPE1,chr4,173356529,173692516,1,False,335987,335.99,BJ,2926161,2926.161,False,False
RPE1,chr4,175460098,176294504,2,True,834406,834.41,BJ,324173,324.173,False,True
RPE1,chr4,181210383,181731582,1,False,521199,521.2,BJ,2884607,2884.607,False,False
RPE1,chr5,26560009,27487240,2,True,927231,927.23,BJ,3450197,3450.197,False,False
RPE1,chr5,28147472,28515233,1,False,367761,367.76,BJ,5037660,5037.66,False,False
RPE1,chr5,32086350,33679333,1,False,1592983,1592.98,U2OS,496403,496.403,False,True
RPE1,chr5,34260945,35370452,1,False,1109507,1109.51,U2OS,0,0.0,True,True
RPE1,chr5,59106537,59296028,1,False,189491,189.49,U2OS,162618,162.618,False,True
RPE1,chr5,73115045,73634274,1,False,519229,519.23,U2OS,10705570,10705.57,False,False
RPE1,chr5,93201634,96091268,1,False,2889634,2889.63,BJ,0,0.0,True,True
RPE1,chr5,97462435,98998825,2,True,1536390,1536.39,U2OS,0,0.0,True,True
RPE1,chr5,100657358,102055362,1,False,1398004,1398.0,BJ,0,0.0,True,True
RPE1,chr5,103354312,103582930,1,False,228618,228.62,BJ,2153981,2153.981,False,False
RPE1,chr5,105035107,105154275,1,False,119168,119.17,BJ,3834776,3834.776,False,False
RPE1,chr5,115273315,115681931,1,False,408616,408.62,U2OS,7242220,7242.22,False,False
RPE1,chr5,130371120,130705885,1,False,334765,334.76,U2OS,1075435,1075.435,False,False
RPE1,chr5,140858701,141371593,1,False,512892,512.89,U2OS,1259690,1259.69,False,False
RPE1,chr5,144690611,145434804,1,False,744193,744.19,BJ,2342024,2342.024,False,False
RPE1,chr5,176764100,177410267,1,False,646167,646.17,BJ,1215131,1215.131,False,False
RPE1,chr5,178119212,179095970,1,False,976758,976.76,BJ,2570243,2570.243,False,False
RPE1,chr6,32673095,33542961,1,False,869866,869.87,BJ,0,0.0,True,True
RPE1,chr6,37739285,38271817,1,False,532532,532.53,BJ,0,0.0,True,True
RPE1,chr6,69308428,69619289,1,False,310861,310.86,BJ,2176135,2176.135,False,False
RPE1,chr6,70929686,71227367,1,False,297681,297.68,BJ,568057,568.057,False,True
RPE1,chr6,92651540,93085326,1,False,433786,433.79,U2OS,0,0.0,True,True
RPE1,chr6,96441283,96977412,1,False,536129,536.13,U2OS,1911120,1911.12,False,False
RPE1,chr6,101594762,102135154,2,True,540392,540.39,U2OS,7064599,7064.599,False,False
RPE1,chr6,126714869,128774713,1,False,2059844,2059.84,U2OS,0,0.0,True,True
RPE1,chr6,132118780,134868153,1,False,2749373,2749.37,BJ,396179,396.179,False,True
RPE1,chr6,139044238,139618046,1,False,573808,573.81,BJ,3276932,3276.932,False,False
RPE1,chr6,141909066,142280458,1,False,371392,371.39,BJ,614520,614.52,False,True
RPE1,chr6,157181790,158286571,3,True,1104781,1104.78,BJ,13812606,13812.606,False,False
RPE1,chr6,159273167,159946204,3,True,673037,673.04,BJ,15903983,15903.983,False,False
RPE1,chr6,160461268,160782081,1,False,320813,320.81,BJ,17092084,17092.084,False,False
RPE1,chr6,161419957,161654907,1,False,234950,234.95,BJ,18050773,18050.773,False,False
RPE1,chr6,169578483,170117232,1,False,538749,538.75,BJ,26209299,26209.299,False,False
RPE1,chr7,69241273,70041415,8,True,800142,800.14,U2OS,0,0.0,True,True
RPE1,chr7,81662907,83028610,1,False,1365703,1365.7,BJ,0,0.0,True,True
RPE1,chr7,83809743,84083519,1,False,273776,273.78,BJ,232398,232.398,False,True
RPE1,chr7,93682491,96044109,1,False,2361618,2361.62,U2OS,3614475,3614.475,False,False
RPE1,chr7,106956575,107230031,1,False,273456,273.46,U2OS,2736749,2736.749,False,False
RPE1,chr7,107963711,108065589,1,False,101878,101.88,U2OS,1901191,1901.191,False,False
RPE1,chr7,109449440,109664572,1,False,215132,215.13,U2OS,302208,302.208,False,True
RPE1,chr7,110239111,110409456,1,False,170345,170.34,U2OS,144303,144.303,False,True
RPE1,chr7,115499586,115789259,2,True,289673,289.67,U2OS,610571,610.571,False,True
RPE1,chr7,116330351,117125191,2,True,794840,794.84,U2OS,0,0.0,True,True
RPE1,chr7,121719776,122063390,1,False,343614,343.61,BJ,128356,128.356,False,True
RPE1,chr7,126848839,129644749,4,True,2795910,2795.91,U2OS,1763316,1763.316,False,False
RPE1,chr7,130785995,131734542,3,True,948547,948.55,BJ,911388,911.388,False,True
RPE1,chr7,151644068,152403353,1,False,759285,759.28,U2OS,12121827,12121.827,False,False
RPE1,chr7,154258354,154678188,1,False,419834,419.83,U2OS,14736113,14736.113,False,False
RPE1,chr7,156240493,157110013,1,False,869520,869.52,U2OS,16718252,16718.252,False,False
RPE1,chr8,194788,5079847,1,False,4885059,4885.06,BJ,6381057,6381.057,False,False
RPE1,chr8,37867656,38036873,1,False,169217,169.22,U2OS,1475417,1475.417,False,False
RPE1,chr8,38772286,39133781,1,False,361495,361.5,U2OS,866084,866.084,False,True
RPE1,chr8,52791983,52941274,1,False,149291,149.29,BJ,1504339,1504.339,False,False
RPE1,chr8,54994784,55178532,1,False,183748,183.75,BJ,286469,286.469,False,True
RPE1,chr8,97794297,98030394,1,False,236097,236.1,U2OS,12941807,12941.807,False,False
RPE1,chr8,98943499,99185155,1,False,241656,241.66,U2OS,11787046,11787.046,False,False
RPE1,chr8,100072662,100553995,1,False,481333,481.33,U2OS,10418206,10418.206,False,False
RPE1,chr8,110407713,110846462,1,False,438749,438.75,U2OS,125739,125.739,False,True
RPE1,chr8,112665398,114199275,3,True,1533877,1533.88,U2OS,1636714,1636.714,False,False
RPE1,chr8,117879227,118618453,1,False,739226,739.23,U2OS,2085336,2085.336,False,False
RPE1,chr8,119934228,120120237,1,False,186009,186.01,U2OS,583552,583.552,False,True
RPE1,chr8,122609897,123111867,2,True,501970,501.97,U2OS,715961,715.961,False,True
RPE1,chr8,123579744,123818418,1,False,238674,238.67,BJ,831551,831.551,False,True
RPE1,chr8,124419425,125160041,3,True,740616,740.62,BJ,0,0.0,True,True
RPE1,chr8,139411861,139678999,1,False,267138,267.14,BJ,1291678,1291.678,False,False
RPE1,chr8,140887712,141390833,1,False,503121,503.12,BJ,0,0.0,True,True
RPE1,chr8,142417394,146301754,4,True,3884360,3884.36,BJ,1332834,1332.834,False,False
RPE1,chr9,8891812,10600405,2,True,1708593,1708.59,BJ,5900302,5900.302,False,False
RPE1,chr9,20403365,20632389,1,False,229024,229.02,BJ,3630450,3630.45,False,False
RPE1,chr9,21314998,21701738,1,False,386740,386.74,BJ,4542083,4542.083,False,False
RPE1,chr9,86916970,87034263,1,False,117293,117.29,U2OS,0,0.0,True,True
RPE1,chr9,89354522,89524224,1,False,169702,169.7,BJ,2241170,2241.17,False,False
RPE1,chr9,94898372,95478996,1,False,580624,580.62,BJ,1357880,1357.88,False,False
RPE1,chr9,106278721,106688630,1,False,409909,409.91,BJ,12149066,12149.066,False,False
RPE1,chr9,107898544,108065866,1,False,167322,167.32,BJ,10771830,10771.83,False,False
RPE1,chr9,110015011,111139924,1,False,1124913,1124.91,BJ,7697772,7697.772,False,False
RPE1,chr9,118237588,119128333,2,True,890745,890.75,BJ,0,0.0,True,True
RPE1,chr9,124000792,124758902,1,False,758110,758.11,U2OS,51411,51.411,False,True
RPE1,chr9,134602162,135883079,2,True,1280917,1280.92,U2OS,3072739,3072.739,False,False
RPE1,chrX,4237985,6662910,3,True,2424925,2424.93,BJ,2895583,2895.583,False,False
RPE1,chrX,13235797,13775308,1,False,539511,539.51,BJ,11893395,11893.395,False,False
RPE1,chrX,17247607,17733324,1,False,485717,485.72,BJ,11209928,11209.928,False,False
RPE1,chrX,45967149,47385533,1,False,1418384,1418.38,BJ,0,0.0,True,True
RPE1,chrX,69844814,71013868,1,False,1169054,1169.05,U2OS,4312339,4312.339,False,False
RPE1,chrX,72080357,73209789,1,False,1129432,1129.43,U2OS,2116418,2116.418,False,False
RPE1,chrX,111145107,111859584,1,False,714477,714.48,U2OS,8700499,8700.499,False,False
RPE1,chrX,114920963,115163973,1,False,243010,243.01,U2OS,5396110,5396.11,False,False
RPE1,chrX,129361755,129620976,1,False,259221,259.22,U2OS,8705800,8705.8,False,False
BJ,chr1,16499174,17410132,2,True,910958,910.96,RPE1,0,0.0,True,True
BJ,chr1,20050453,20302817,1,False,252364,252.36,RPE1,1830358,1830.358,False,False
BJ,chr1,57004490,57324531,1,False,320041,320.04,U2OS,14496389,14496.389,False,False
BJ,chr1,58064236,59010084,3,True,945848,945.85,U2OS,12810836,12810.836,False,False
BJ,chr1,71781551,72471136,3,True,689585,689.59,U2OS,0,0.0,True,True
BJ,chr1,91751754,92024152,1,False,272398,272.4,RPE1,428314,428.314,False,True
BJ,chr1,103610832,104458272,2,True,847440,847.44,RPE1,7293598,7293.598,False,False
BJ,chr1,109417072,109526596,1,False,109524,109.52,U2OS,5838363,5838.363,False,False
BJ,chr1,245913663,246017362,1,False,103699,103.7,U2OS,629120,629.12,False,True
BJ,chr10,57659655,57755039,1,False,95384,95.38,U2OS,0,0.0,True,True
BJ,chr10,82068091,82131720,1,False,63629,63.63,U2OS,4788500,4788.5,False,False
BJ,chr10,96139900,96242022,1,False,102122,102.12,U2OS,838874,838.874,False,True
BJ,chr10,127614217,130772949,2,True,3158732,3158.73,RPE1,0,0.0,True,True
BJ,chr11,10931029,11229234,1,False,298205,298.2,U2OS,2913079,2913.079,False,False
BJ,chr11,32481982,33041039,1,False,559057,559.06,U2OS,1001277,1001.277,False,False
BJ,chr11,36434967,36760732,1,False,325765,325.76,RPE1,706861,706.861,False,True
BJ,chr11,63843132,64153822,1,False,310690,310.69,RPE1,0,0.0,True,True
BJ,chr11,66743590,67060449,1,False,316859,316.86,RPE1,0,0.0,True,True
BJ,chr11,101396057,102023786,2,True,627729,627.73,RPE1,326912,326.912,False,True
BJ,chr11,102903389,103662587,2,True,759198,759.2,RPE1,1834244,1834.244,False,False
BJ,chr12,16216437,16560284,1,False,343847,343.85,U2OS,4465234,4465.234,False,False
BJ,chr12,20942888,21078985,1,False,136097,136.1,RPE1,1746725,1746.725,False,False
BJ,chr12,24028060,24222195,1,False,194135,194.13,RPE1,373165,373.165,False,True
BJ,chr12,46326510,46736900,1,False,410390,410.39,RPE1,0,0.0,True,True
BJ,chr12,50813560,51226879,1,False,413319,413.32,RPE1,1236876,1236.876,False,False
BJ,chr12,75400564,75989097,1,False,588533,588.53,RPE1,0,0.0,True,True
BJ,chr12,81137854,81377041,1,False,239187,239.19,RPE1,102591,102.591,False,True
BJ,chr12,99810038,100152809,2,True,342771,342.77,U2OS,0,0.0,True,True
BJ,chr13,48031388,48381308,1,False,349920,349.92,RPE1,0,0.0,True,True
BJ,chr13,85509424,86118921,1,False,609497,609.5,RPE1,148777,148.777,False,True
BJ,chr13,88158517,88463847,1,False,305330,305.33,RPE1,488054,488.054,False,True
BJ,chr13,94189636,94535095,3,True,345459,345.46,RPE1,59695,59.695,False,True
BJ,chr13,110563078,110710170,1,False,147092,147.09,U2OS,843059,843.059,False,True
BJ,chr14,29977463,30169565,1,False,192102,192.1,RPE1,702299,702.299,False,True
BJ,chr14,31833142,32040667,1,False,207525,207.53,RPE1,2557978,2557.978,False,False
BJ,chr14,39873542,40507326,2,True,633784,633.78,RPE1,0,0.0,True,True
BJ,chr14,41091437,41128701,1,False,37264,37.26,RPE1,1065042,1065.042,False,False
BJ,chr14,55665363,56241886,1,False,576523,576.52,RPE1,1279110,1279.11,False,False
BJ,chr14,98466359,98627471,2,True,161112,161.11,U2OS,3971755,3971.755,False,False
BJ,chr14,99479587,99850075,1,False,370488,370.49,U2OS,2749151,2749.151,False,False
BJ,chr15,28410211,28969577,3,True,559366,559.37,RPE1,1386675,1386.675,False,False
BJ,chr15,32441642,33058383,4,True,616741,616.74,RPE1,1014505,1014.505,False,False
BJ,chr15,37736819,38486580,1,False,749761,749.76,RPE1,100452,100.452,False,True
BJ,chr15,42456513,42954231,1,False,497718,497.72,RPE1,917994,917.994,False,True
BJ,chr15,63024784,63094355,1,False,69571,69.57,U2OS,0,0.0,True,True
BJ,chr15,63902433,64025257,1,False,122824,122.82,U2OS,0,0.0,True,True
BJ,chr15,71986297,72079961,1,False,93664,93.66,RPE1,2605017,2605.017,False,False
BJ,chr15,84833835,86287650,2,True,1453815,1453.82,U2OS,1559205,1559.205,False,False
BJ,chr16,11280785,11682257,1,False,401472,401.47,U2OS,10822804,10822.804,False,False
BJ,chr16,16793483,16885842,1,False,92359,92.36,U2OS,5619219,5619.219,False,False
BJ,chr16,21886935,21980361,1,False,93426,93.43,U2OS,524700,524.7,False,True
BJ,chr16,22407071,22660312,2,True,253241,253.24,U2OS,0,0.0,True,True
BJ,chr16,30294285,30741450,2,True,447165,447.17,U2OS,7643711,7643.711,False,False
BJ,chr16,66295707,66617733,1,False,322026,322.03,RPE1,1386365,1386.365,False,False
BJ,chr16,67972954,68423815,1,False,450861,450.86,RPE1,0,0.0,True,True
BJ,chr16,70135576,70630751,1,False,495175,495.18,RPE1,925476,925.476,False,True
BJ,chr16,71038722,71507106,1,False,468384,468.38,RPE1,1828622,1828.622,False,False
BJ,chr16,77509569,77526025,1,False,16456,16.46,U2OS,1033052,1033.052,False,False
BJ,chr16,78394714,78906243,14,True,511529,511.53,U2OS,1918197,1918.197,False,False
BJ,chr16,79975483,83265286,1,False,3289803,3289.8,U2OS,0,0.0,True,True
BJ,chr17,3676326,4077437,1,False,401111,401.11,RPE1,1140130,1140.13,False,False
BJ,chr17,17876136,18318842,1,False,442706,442.71,RPE1,0,0.0,True,True
BJ,chr17,45591841,45817207,1,False,225366,225.37,RPE1,0,0.0,True,True
BJ,chr17,46560845,47588120,1,False,1027275,1027.28,RPE1,0,0.0,True,True
BJ,chr17,47998782,48072854,1,False,74072,74.07,RPE1,0,0.0,True,True
BJ,chr17,48947876,49735355,2,True,787479,787.48,RPE1,0,0.0,True,True
BJ,chr18,949586,1207230,1,False,257644,257.64,RPE1,0,0.0,True,True
BJ,chr18,8469257,8918629,2,True,449372,449.37,RPE1,0,0.0,True,True
BJ,chr18,9703015,10160310,2,True,457295,457.3,RPE1,609862,609.862,False,True
BJ,chr18,26596840,26723000,1,False,126160,126.16,RPE1,1904391,1904.391,False,False
BJ,chr18,29103291,29546190,1,False,442899,442.9,RPE1,357294,357.294,False,True
BJ,chr18,34102012,34587079,3,True,485067,485.07,RPE1,44892,44.892,False,True
BJ,chr18,37029559,37142176,1,False,112617,112.62,U2OS,0,0.0,True,True
BJ,chr19,97617,1426847,6,True,1329230,1329.23,U2OS,0,0.0,True,True
BJ,chr19,36415205,36854521,1,False,439316,439.32,U2OS,0,0.0,True,True
BJ,chr19,37890012,38031576,1,False,141564,141.56,U2OS,827343,827.343,False,True
BJ,chr2,185339996,185507164,1,False,167168,167.17,RPE1,98855,98.855,False,True
BJ,chr2,189664723,190123973,2,True,459250,459.25,RPE1,0,0.0,True,True
BJ,chr2,192654740,193050431,2,True,395691,395.69,RPE1,2535173,2535.173,False,False
BJ,chr20,59939899,60238470,2,True,298571,298.57,RPE1,0,0.0,True,True
BJ,chr22,23499336,24185576,1,False,686240,686.24,RPE1,2277948,2277.948,False,False
BJ,chr22,24669535,24985903,1,False,316368,316.37,RPE1,1477621,1477.621,False,False
BJ,chr22,47784946,49201826,2,True,1416880,1416.88,U2OS,5766613,5766.613,False,False
BJ,chr3,3723980,4448081,4,True,724101,724.1,U2OS,14973783,14973.783,False,False
BJ,chr3,46818428,46968212,1,False,149784,149.78,RPE1,0,0.0,True,True
BJ,chr3,50614404,50880056,1,False,265652,265.65,RPE1,2992583,2992.583,False,False
BJ,chr3,67390185,67644584,1,False,254399,254.4,U2OS,0,0.0,True,True
BJ,chr3,75392420,77065472,5,True,1673052,1673.05,RPE1,1705211,1705.211,False,False
BJ,chr3,98124966,98669552,1,False,544586,544.59,RPE1,12095384,12095.384,False,False
BJ,chr3,105106660,105568560,1,False,461900,461.9,RPE1,5196376,5196.376,False,False
BJ,chr3,139308503,139922874,1,False,614371,614.37,U2OS,985479,985.479,False,True
BJ,chr3,140890614,140996853,1,False,106239,106.24,U2OS,2567590,2567.59,False,False
BJ,chr3,146187936,147251456,1,False,1063520,1063.52,RPE1,1357414,1357.414,False,False
BJ,chr3,147732305,149498220,4,True,1765915,1765.91,RPE1,0,0.0,True,True
BJ,chr3,150024678,150763138,2,True,738460,738.46,RPE1,0,0.0,True,True
BJ,chr3,155633345,156230167,1,False,596822,596.82,RPE1,5113645,5113.645,False,False
BJ,chr3,156884175,157141587,1,False,257412,257.41,RPE1,6364475,6364.475,False,False
BJ,chr3,159692236,160557065,1,False,864829,864.83,RPE1,3781246,3781.246,False,False
BJ,chr3,169483607,170057710,1,False,574103,574.1,RPE1,0,0.0,True,True
BJ,chr3,171662211,172018441,1,False,356230,356.23,RPE1,347691,347.691,False,True
BJ,chr3,174935698,175324129,2,True,388431,388.43,RPE1,0,0.0,True,True
BJ,chr3,175915535,176034163,1,False,118628,118.63,RPE1,0,0.0,True,True
BJ,chr4,1413458,1661178,2,True,247720,247.72,RPE1,0,0.0,True,True
BJ,chr4,8534339,8819151,1,False,284812,284.81,RPE1,6100683,6100.683,False,False
BJ,chr4,9673546,9778623,1,False,105077,105.08,RPE1,7239890,7239.89,False,False
BJ,chr4,38809357,39129726,1,False,320369,320.37,RPE1,2424,2.424,False,True
BJ,chr4,40293244,40630538,1,False,337294,337.29,RPE1,0,0.0,True,True
BJ,chr4,63953982,64460585,1,False,506603,506.6,RPE1,1157721,1157.721,False,False
BJ,chr4,65261509,65479570,1,False,218061,218.06,RPE1,138736,138.736,False,True
BJ,chr4,88516827,89095718,1,False,578891,578.89,RPE1,2489067,2489.067,False,False
BJ,chr4,98991915,99117738,1,False,125823,125.82,U2OS,142102,142.102,False,True
BJ,chr4,119331903,119414333,1,False,82430,82.43,RPE1,5453208,5453.208,False,False
BJ,chr4,121395976,121483847,1,False,87871,87.87,RPE1,3383694,3383.694,False,False
BJ,chr4,138085817,138255652,1,False,169835,169.84,RPE1,225958,225.958,False,True
BJ,chr4,139359736,139430564,1,False,70828,70.83,RPE1,464921,464.921,False,True
BJ,chr4,145518334,145598143,1,False,79809,79.81,RPE1,481852,481.852,False,True
BJ,chr4,176618677,177337914,2,True,719237,719.24,RPE1,324173,324.173,False,True
BJ,chr4,177832155,178325776,2,True,493621,493.62,RPE1,1537651,1537.651,False,False
BJ,chr5,19193967,20771726,2,True,1577759,1577.76,U2OS,1590924,1590.924,False,False
BJ,chr5,21449473,23109812,2,True,1660339,1660.34,RPE1,3450197,3450.197,False,False
BJ,chr5,35490855,35558105,1,False,67250,67.25,RPE1,120403,120.403,False,True
BJ,chr5,36833052,36910768,1,False,77716,77.72,RPE1,1462600,1462.6,False,False
BJ,chr5,93561481,93730888,1,False,169407,169.41,RPE1,0,0.0,True,True
BJ,chr5,97975927,98667973,1,False,692046,692.05,RPE1,0,0.0,True,True
BJ,chr5,100889080,101200331,1,False,311251,311.25,RPE1,0,0.0,True,True
BJ,chr5,147776828,148287305,3,True,510477,510.48,RPE1,2342024,2342.024,False,False
BJ,chr5,148836833,149305611,1,False,468778,468.78,RPE1,3402029,3402.029,False,False
BJ,chr5,149931901,150765754,2,True,833853,833.85,U2OS,2146150,2146.15,False,False
BJ,chr5,174748470,175548969,1,False,800499,800.5,RPE1,1215131,1215.131,False,False
BJ,chr6,32025434,33051394,4,True,1025960,1025.96,RPE1,0,0.0,True,True
BJ,chr6,34035746,35155732,2,True,1119986,1119.99,RPE1,492785,492.785,False,True
BJ,chr6,37690023,38477640,2,True,787617,787.62,RPE1,0,0.0,True,True
BJ,chr6,38988486,39199033,1,False,210547,210.55,RPE1,716669,716.669,False,True
BJ,chr6,41189077,41577510,1,False,388433,388.43,RPE1,2917260,2917.26,False,False
BJ,chr6,71795424,71979416,1,False,183992,183.99,U2OS,159818,159.818,False,True
BJ,chr6,111671004,112139020,1,False,468016,468.02,RPE1,9535850,9535.85,False,False
BJ,chr6,114093727,114535071,1,False,441344,441.34,U2OS,9508165,9508.165,False,False
BJ,chr6,120528920,120690329,1,False,161409,161.41,U2OS,3352907,3352.907,False,False
BJ,chr6,128075315,129186301,1,False,1110986,1110.99,RPE1,0,0.0,True,True
BJ,chr6,131435917,131722601,1,False,286684,286.68,RPE1,396179,396.179,False,True
BJ,chr6,142894978,143369184,1,False,474206,474.21,RPE1,614520,614.52,False,True
BJ,chr7,40039898,40663136,1,False,623238,623.24,U2OS,1300461,1300.461,False,False
BJ,chr7,41957408,42432025,1,False,474617,474.62,U2OS,0,0.0,True,True
BJ,chr7,67200332,67540965,1,False,340633,340.63,U2OS,1699151,1699.151,False,False
BJ,chr7,68268295,68652173,1,False,383878,383.88,U2OS,587943,587.943,False,True
BJ,chr7,70346565,70772539,1,False,425974,425.97,RPE1,305150,305.15,False,True
BJ,chr7,79078180,79396956,1,False,318776,318.78,U2OS,0,0.0,True,True
BJ,chr7,82049833,83577345,1,False,1527512,1527.51,RPE1,0,0.0,True,True
BJ,chr7,122191746,122677286,1,False,485540,485.54,RPE1,128356,128.356,False,True
BJ,chr7,123870119,124085249,1,False,215130,215.13,U2OS,802166,802.166,False,True
BJ,chr7,132645930,132773156,1,False,127226,127.23,RPE1,911388,911.388,False,True
BJ,chr7,134063363,134274830,1,False,211467,211.47,RPE1,2328821,2328.821,False,False
BJ,chr8,11460904,12743458,6,True,1282554,1282.55,U2OS,1952387,1952.387,False,False
BJ,chr8,54445613,54708315,1,False,262702,262.7,RPE1,286469,286.469,False,True
BJ,chr8,56889731,57086486,1,False,196755,196.75,RPE1,1711199,1711.199,False,False
BJ,chr8,124649969,125214784,1,False,564815,564.82,RPE1,0,0.0,True,True
BJ,chr8,140970677,141084560,1,False,113883,113.88,RPE1,0,0.0,True,True
BJ,chr9,16500707,16772915,1,False,272208,272.21,RPE1,3630450,3630.45,False,False
BJ,chr9,91765394,92043059,1,False,277665,277.67,U2OS,61866,61.866,False,True
BJ,chr9,93273585,93540492,1,False,266907,266.91,U2OS,1012182,1012.182,False,False
BJ,chr9,118837696,119410918,1,False,573222,573.22,U2OS,0,0.0,True,True
BJ,chrX,1004111,1342402,1,False,338291,338.29,RPE1,2895583,2895.583,False,False
BJ,chrX,28943252,29088650,1,False,145398,145.4,RPE1,11209928,11209.928,False,False
BJ,chrX,44949882,45100982,1,False,151100,151.1,RPE1,866167,866.167,False,True
BJ,chrX,46990920,47268590,1,False,277670,277.67,RPE1,0,0.0,True,True
