cell_type,chrom,start,end,frequency,recurrent,region_width_bp,region_width_kb,rt_slope_untreated,midas,lateS_G2M,ab_compartment,gro_seq,fancd2,drip_seq,g_quadruplex,ns_seq
U2OS,chr1,71820920,72034520,4,True,213600,213.6,1.0711486176155496,3.3394371104868914,0.39187402734082394,-1.0665504912384673,3.5717409250936325,0.9695859503745318,-0.5014489368913857,-0.28813819307116106,-1.1612541142322097
U2OS,chr1,81112245,81254164,1,False,141919,141.92,0.015461810870843867,1.0934831621206464,-0.043329394644127994,-1.041989090083092,-0.3592277964684081,-0.033050895246232004,-0.8551440949555733,-0.3333163507070935,-1.2068077057335522
U2OS,chr1,93776765,94200752,2,True,423987,423.99,-0.7378009682392968,-0.5043181726185001,0.12070995293723627,1.6451062752208245,6.41821925943484,0.0077815725835933556,0.49943582082233656,0.17550576077332558,-0.1974074058898032
U2OS,chr1,95192764,95430801,1,False,238037,238.04,0.26480131261892215,-0.32752617079277596,0.041284926229955825,0.7041960378260024,6.042021463007851,0.19730413911282702,0.0827899758482925,0.3086097461024967,-0.1473717732965883
U2OS,chr1,115364959,115415185,1,False,50226,50.23,-0.148981170205423,-0.44023030255246287,-0.17759591329590255,0.7450874837693031,3.8041000140066896,-0.06664904299565962,-0.3178035158085454,-0.13065428013976824,-0.744402223987576
U2OS,chr1,169736985,170401160,1,False,664175,664.17,0.4115815236858551,-0.2653755029472654,0.06330021134490156,-0.6995746575251709,2.988854621221816,-0.1671342416607069,-0.4724951625550495,-0.14809614312718786,-0.9660543635186509
U2OS,chr1,174664260,174729196,1,False,64936,64.94,1.9307092567683992,1.2055931960699764,1.0266830655414563,-0.7142381920805768,3.983708477269927,0.7942283973142786,-0.19777130463225331,-0.053208569175803855,-0.7608844669212763
U2OS,chr1,177659835,178109472,1,False,449637,449.64,0.7647944412367903,-0.4643855606989638,-0.04281806281022246,-0.5374511751670812,1.4946440228006148,-0.13652043556246485,-0.5443575131962004,-0.05473965595891797,-0.24181178264911476
U2OS,chr1,185609028,185982993,1,False,373965,373.96,0.28172935769797336,-0.14829903487224744,0.16836216739213564,-0.8081296772583935,1.707252350776142,-0.0997366415520169,-0.6463220097923603,-0.16246438832938914,-0.9696224623855174
U2OS,chr1,187284061,187805805,2,True,521744,521.74,-0.6941127855325879,0.7041533336655525,0.07821322062352416,-1.0870864794481327,1.94164287983657,0.11396142672076724,-0.6274113516379681,-0.25046327646489464,-1.1077011158345853
U2OS,chr1,190524412,190885452,1,False,361040,361.04,-0.9776269820797692,0.051360898991801504,-0.16683156375249278,-1.138075513563939,-2.980163075895903,-0.24742667228783516,-0.8272861101816972,-0.35648134077110566,-1.179986352204742
U2OS,chr1,206332197,206939778,1,False,607581,607.58,-0.6568375625193179,-0.22839578911618372,0.30330625138119854,1.5781828952053996,4.725723243992159,0.122881678778632,0.6503260082375848,0.3075267996020283,0.3860488016215122
U2OS,chr1,207946626,208123625,1,False,176999,177.0,-0.1610953436336029,-0.6045422085661502,0.08506222834027312,0.7515895855178145,5.057687207102865,0.07974078938864061,0.17392306084215164,0.2339710848140385,0.3511587186074498
U2OS,chr1,214424107,214884316,1,False,460209,460.21,0.4560191287759508,-0.30787886314783064,0.016539130276461353,-0.18068877418067875,6.615452734844386,-0.16484003575158243,0.8093010126116612,0.13205648644224688,-0.3641413019649768
U2OS,chr1,219909520,220014163,1,False,104643,104.64,-0.8517626010967443,-0.7668278240016054,-0.19895432957770703,-0.46589146636404355,0.20111209667154037,0.03547035629712451,-0.5586609209024971,-0.04653345821507411,-0.6756285077262694
U2OS,chr1,222046631,222314554,1,False,267923,267.92,-0.22169847646715415,-0.04254775760572999,-0.2788396876527957,-0.7239787920198604,1.7947350750402167,-0.08061101195044845,-0.5794023693225292,0.047228366578457234,-0.4901301861766254
U2OS,chr1,235047923,235242310,1,False,194387,194.39,-0.22703359811685095,-0.1279667785392027,-0.07122011424632306,1.4319925953101362,4.6605404380436966,0.3124947409497549,-0.10245571325757381,0.5554287304912365,0.3584473884056033
U2OS,chr1,238149733,239347101,2,True,1197368,1197.37,-0.44069238847359354,-0.41639272400047445,-0.09494972549692322,-1.0738977441618285,-0.4095391473023219,-0.2094222847086276,-0.6567912088021394,-0.18913938283969509,-1.1067146412222475
U2OS,chr1,241136133,241769143,1,False,633010,633.01,-0.24301862730978224,-0.017299172613386826,0.6629075096459771,-0.8230369940978056,2.812040034012101,-0.05864303104579705,-0.3519821820682138,-0.11644438761314987,-0.6731054594619358
U2OS,chr1,244947220,245284543,1,False,337323,337.32,0.5391081947151872,-0.42804649590155425,-0.1805085521147387,0.8821698798648963,5.395589179006471,0.04830744907373646,0.24918324333057632,0.11477444579053313,-0.06747464316070946
U2OS,chr10,53321802,53981853,3,True,660051,660.05,0.7536643718119387,2.353557904260428,0.28447413131454996,-0.9629976862532428,3.2438389780486663,0.7045622651522382,-0.5416961481506732,-0.20854830628087828,-1.0010845136315225
U2OS,chr10,56225505,56475494,1,False,249989,249.99,-0.9782857298400839,1.0501173104336592,-0.32839912657756937,-1.0938758041109264,0.5846535032781442,-0.2378575086383801,-0.7309815589725948,-0.3505193992815684,-1.2306299990799594
U2OS,chr10,57450969,57897049,2,True,446080,446.08,-0.6646526910254047,2.2099467970177997,0.2968131622556492,-1.0977138920960376,4.268802795978299,0.372697365607066,-0.3705861473435258,-0.3086391086397059,-1.3569290194135584
U2OS,chr10,71854899,72510480,2,True,655581,655.58,-0.06430582975717293,-0.6732776937845972,0.1753995261500867,1.5328123177247481,6.112161151177353,0.2688017184680459,0.7711552122621003,0.3257054395078564,0.6855667848076743
U2OS,chr10,73395933,74893440,3,True,1497507,1497.51,-0.6272030389541294,-0.42806291826014836,-0.21882200612424516,1.145649331945923,6.049085843304907,0.12536681877146486,0.4268336103704356,0.15832898090693404,0.06782980934980601
U2OS,chr10,76625447,77279591,1,False,654144,654.14,0.2691449187869359,-0.5054899062056672,0.15769075169840274,0.3754812132297954,5.070811439942887,0.03450283631753864,0.22184504374816552,0.12571442599611093,-0.02486050519151744
U2OS,chr10,94817088,95301026,1,False,483938,483.94,-0.449669840375776,-0.6618985391930371,0.09834807427893658,1.0100873718638204,4.902952729151255,0.09951425508639536,0.12776190451504119,0.15823789415420983,-0.37032769768028134
U2OS,chr10,98299506,98415141,1,False,115635,115.64,0.5987971599928886,-0.8555311767717387,0.31987479311367667,1.1857639776651092,6.566736601029101,0.14526109471665155,0.37286147304881745,0.07043655833268474,-0.511304312370822
U2OS,chr10,98911886,99668843,2,True,756957,756.96,-0.38299040016481833,-0.4211572927709235,0.0769187729077081,1.5165126578708814,6.133855793103175,0.19575477129216062,0.6475446825539628,0.32738718605231204,0.36712122604982844
U2OS,chr10,101791443,102268206,1,False,476763,476.76,-0.6895068778116508,-0.35736197027873384,-0.2319485407676351,1.241608784686638,5.722543759855526,0.06291100823595791,0.057182114616276855,0.1353068650293752,-0.004107892001686375
U2OS,chr10,102851888,103258906,1,False,407018,407.02,-0.6985237876031459,-0.49393210945953253,0.048661353183397295,1.4128911793259242,4.22351487880143,0.10579223945378338,-0.004651701536541382,0.16379936720734706,0.5653968212708038
U2OS,chr10,105627706,106305714,1,False,678008,678.01,0.33698491095601196,-0.564928837765926,-0.1054594276182582,0.7841787276683871,4.421737586621397,-0.015384429371629833,-0.13279733778097016,0.12087656465410437,-0.031671662170947835
U2OS,chr10,111510639,111563214,1,False,52575,52.58,1.455927250371,-0.536318,-0.267458,-1.15181461077524,-0.08862590000000001,-0.0691517,-0.613451,-0.180082,-0.669115
U2OS,chr10,112187913,112792941,1,False,605028,605.03,-0.6892966110185261,-0.4473053113161705,0.06299828651070695,0.3552038934014504,5.474266827915402,0.030194744031681174,0.1607838672258143,0.17932521393555342,-0.05835525493035033
U2OS,chr10,116008472,116706899,1,False,698427,698.43,-0.7568218005846841,-0.6146068858950183,0.30531386718153797,0.749042415794229,5.118658519487362,0.13071683784805,0.14922350887780686,0.3184801615372831,-0.521023012993484
U2OS,chr10,131325887,131777091,1,False,451204,451.2,-0.6341616457210989,-0.28609703302497314,0.38667398474304304,-0.6170057352901004,4.127156109165699,0.04321109128287871,0.15643923197932638,-0.12130700727076887,0.5455188340949991
U2OS,chr10,132944661,133115628,1,False,170967,170.97,-0.06366659713886898,-0.33470297436932267,0.3022896455081975,-0.6818269751342133,2.90635309123983,0.0918964775202232,-0.17993136178326813,-0.06584438790819282,0.5550600877128335
U2OS,chr11,7507896,8017950,1,False,510054,510.05,1.139062017736242,-0.5159725058954542,0.12276996430966129,-1.1110782123883145,1.938354930419132,-0.010292594521364402,-0.32954379565457775,-0.11316017698675042,-0.33122005220623696
U2OS,chr11,21407066,21590044,1,False,182978,182.98,-0.9065036463221284,0.5864505401523681,-0.23001630436336604,-1.4619003306454028,-1.3127181434926605,-0.16895748784006823,-0.7382784255156357,-0.1874939354020702,-1.0698605344686245
U2OS,chr11,23216599,23776160,1,False,559561,559.56,-0.8302572631648266,-0.2347421213433388,-0.6327726715603841,-1.0742122959656775,-0.8991701817853639,-0.3031537881928869,-0.7412420408052027,-0.25849627677947534,-1.0828459065588916
U2OS,chr11,30946885,31480705,1,False,533820,533.82,-0.9510054758803511,2.033212443548387,0.4522531764930126,-0.9567894811070603,2.7618809666460606,0.27456678696751713,-0.6020439443211195,-0.2527003104417219,-1.1219283199393055
U2OS,chr11,38188537,39917715,4,True,1729178,1729.18,-0.41269169135231465,0.8012734351298708,-0.0815373092238046,-1.1167898245154457,1.5936104545175545,-0.22621952035591478,-0.6230021782852893,-0.26476299962525546,-1.0757967022539034
U2OS,chr11,60571554,60721831,1,False,150277,150.28,0.8706006432512253,-0.5465868888785377,0.32591788351124923,0.8414176659064482,5.68015233981248,0.14437350947916183,0.9212185189350334,0.3483784548999514,1.0888934104487047
U2OS,chr11,97011427,97102550,1,False,91123,91.12,0.26578616376848263,-0.41894658202649165,-0.1949342703488691,-1.024587878500332,,-0.06936266745717327,-0.7267342541180601,-0.3267989651350372,-1.2704027533114581
U2OS,chr11,99317590,100400434,2,True,1082844,1082.84,0.9702100742730686,0.4931449387797317,-0.13123031509617267,-1.1402807744730767,-1.5381735626589774,0.055878062966041274,-0.7303719751783267,-0.2769432808663113,-1.2288691002268102
U2OS,chr12,9431114,11751203,2,True,2320089,2320.09,0.07863624542566208,-0.4516901505838784,-0.10163038917524285,-0.016654296843814406,3.969749625751427,-0.14853872455599762,-0.2060911125077529,-0.10046732311678558,-0.7004552718256066
U2OS,chr12,58715447,58959270,1,False,243823,243.82,1.8741782509569695,-0.41794000526201386,0.051830713591416715,-1.234926927968611,2.1627219856207165,-0.18337667605189012,-0.5873004577090759,0.011949124898389406,-0.76794760733811
U2OS,chr12,78316259,78394630,1,False,78371,78.37,0.636435270381069,0.44200000000000006,0.348825,-1.0455101490049,5.83652,0.0428896,-0.46598300000000004,-0.0325625,-1.33323
U2OS,chr12,83263303,83486810,1,False,223507,223.51,-0.5372020034392263,0.2172154907765752,0.2557577525222924,-1.535850347115485,3.188417569740545,0.22861089234341653,-0.5780495211425146,-0.2518936304903202,-1.0154658906611425
U2OS,chr12,100043945,100122479,1,False,78534,78.53,-1.013272479745391,4.139742588815035,0.42032443769577504,-1.6432604051260595,2.928453651539461,1.5505379608831842,-0.7592456336236534,-0.26858897028038814,-0.933313470127588
U2OS,chr12,115200691,115430475,1,False,229784,229.78,0.14590058466090747,-0.4716422564234237,0.3237745640166417,0.820542119392663,3.278468965920169,-0.019732748340920172,-0.49052413018312846,0.15064401380862028,-0.09199545317123908
U2OS,chr12,125393108,125549417,1,False,156309,156.31,0.31950375485651894,-0.6256726255301998,0.5784384734212361,0.391957604273508,6.535120831813907,0.07484926767492595,1.0933455912327503,0.15101426777728733,0.9149662393848084
U2OS,chr13,27039381,27200486,1,False,161105,161.1,0.14982203681241726,-1.0701325804909843,0.02687296011172838,0.26969857327613067,4.056783757673567,-0.2246759349585674,-0.34443501973247265,-0.06976873619440738,-0.22728490906427487
U2OS,chr13,29043197,29348323,1,False,305126,305.13,-0.17669991943385124,-0.7505036620019271,-0.14674128128707484,0.3358150481998864,2.632658839957919,-0.06357337504834068,-0.46690456729023416,0.05120039433217753,-0.1375366877365416
U2OS,chr13,45049580,45613167,1,False,563587,563.59,-0.26460056186444625,-0.5322397989911052,0.03987216826505935,1.2400618010673912,4.262279905888531,0.06795575703626947,-0.32411484618346414,0.1992437040261752,-0.15079846690182702
U2OS,chr13,56471990,56935535,1,False,463545,463.55,-0.8572087726390841,-0.25402474354809135,-0.32866117119157795,-0.8092965538739049,-2.4416219948839872,-0.2394587294923902,-0.7993117467559784,-0.33990187891143253,-1.23751346363352
U2OS,chr13,61903828,62046410,1,False,142582,142.58,-0.45198042408530886,0.16771902442103492,-0.25385719478475544,-0.7140577858571584,-3.8124300000000004,-0.21963060700509185,-0.8125366519476511,-0.29578593577029355,-1.0227353803144856
U2OS,chr13,64555084,64793756,2,True,238672,238.67,-0.7157946722923682,1.0975420663337132,0.03413467081350138,-0.6220801744487764,2.84721462023195,-0.03472156815713615,-0.6683871714486828,-0.3592200892102969,-1.2278163923711203
U2OS,chr13,67399212,68044428,2,True,645216,645.22,0.15684927419284775,0.5438401240886773,0.10717638349823935,-0.15544430740058307,0.020130062990605723,-0.2161817635148539,-0.7424975830047612,-0.20917094983385406,-1.0086321013738035
U2OS,chr13,73310141,73513256,1,False,203115,203.12,0.23155624971528715,-0.2131390153361396,0.5251449457450212,1.2252162425461084,5.440445101149595,-0.19540993418506755,-0.035548347262880635,-0.10165505426581001,-0.8808796468995397
U2OS,chr13,76085401,76328171,1,False,242770,242.77,-0.704476537586367,-0.21833958056596778,0.20640778196235118,2.0300096966024017,5.19156831049965,-0.12314777043703917,-0.24376825338344937,0.11231387671788112,-0.572289541817358
U2OS,chr13,107767924,108600161,3,True,832237,832.24,-0.3353183653265735,3.0296689572177153,0.41863152978802914,-0.25575123878367706,2.196322412774246,0.818728383539785,-0.2706292118687345,-0.15465658744804664,-0.8627447936753593
U2OS,chr13,109564586,109720019,1,False,155433,155.43,-0.4326724651102108,-0.26309595763447924,0.07442211267735939,0.64587344303735,3.9093817363751584,-0.011697128668300812,-0.4611183177188885,-0.0643098485765571,-0.5974308511126981
U2OS,chr14,26942766,28772821,6,True,1830055,1830.06,-0.15041407660178352,1.98579940980517,0.2605090419025658,-0.856335459574716,4.32721548456194,0.1928796671963411,-0.43040075867610544,-0.2820833712828303,-1.2833046389430918
U2OS,chr14,102599226,102730411,1,False,131185,131.19,0.1827255438865813,-0.890107344704044,0.19387968346152382,1.3293584079215475,5.295440285398483,-0.010690827297328195,0.9000475674505469,0.16629894025231545,0.5007384227160118
U2OS,chr15,43957399,44339528,1,False,382129,382.13,-0.46081798657491974,-0.513746030892709,-0.0022804473279965675,0.7816675026530503,6.466058856485637,0.14573817574169978,1.111515288352886,0.18820450431869867,0.6867534925273927
U2OS,chr15,50065936,50393597,1,False,327661,327.66,-0.011407492563951876,-0.23823582153811407,-0.21810321460289753,-1.820468115231616,0.29970028482791666,-0.18754405603962634,-0.6698155634390421,-0.2352648829857688,-0.49565947236625657
U2OS,chr15,62935785,64916043,2,True,1980258,1980.26,-0.342023645415472,-0.534499826250923,0.22978662332382951,0.9229560349598697,6.60200975076985,0.10425055576692532,0.33453169547326667,0.17651211334886666,0.017082780664943648
U2OS,chr15,82538156,83274630,2,True,736474,736.47,0.1647584905711736,-0.6729530778609845,-0.24956182798188667,,5.868992094318332,-0.04117972857100986,0.04237159062678605,0.00692606668522942,-0.48743811134721626
U2OS,chr16,22505061,22650574,1,False,145513,145.51,0.6830377639733587,-0.5636832775697016,-0.08921169709373046,0.6027997027936524,1.9072963358600266,0.15602809396411316,-0.16737230756839597,0.044564003317916615,0.015029571770219857
U2OS,chr16,63266219,63438166,1,False,171947,171.95,-0.8235841328723791,1.4701416977440724,0.06634149247268054,-1.5547888097613125,2.9485603773255713,0.3929550708006537,-0.6681998460572153,-0.25407204898602476,-1.2479176774238574
U2OS,chr16,76245294,76476517,1,False,231223,231.22,0.2288433300152882,0.14966063266197568,0.7426069159382933,-1.5246943012496548,4.386954589725071,-0.16708339447200324,-0.5632942915972893,-0.24674217422574743,-1.4324628067277045
U2OS,chr16,82775382,83559037,3,True,783655,783.65,-0.7937539101962962,2.513815226641826,0.7279375883264958,-0.9904672188375434,4.048909522085611,0.9670206504035577,0.06669777925745385,-0.11178224937300216,-0.809065150229374
U2OS,chr16,84185816,85429193,1,False,1243377,1243.38,0.1403218738870058,-0.5547383087092651,-0.1541476022665692,1.3614336977460775,5.192834418780467,0.3245181645742201,0.45440447323217326,0.34951290970236704,0.5823148357127403
U2OS,chr17,43469979,43719819,2,True,249840,249.84,-0.497350652670216,-0.7961071520355045,0.2556781616864656,0.937963764635478,5.375609322544046,0.21849661365456488,1.3082529196075814,0.2529957541777897,1.0752402946342765
U2OS,chr17,45206369,45380602,1,False,174233,174.23,-0.24447283105704562,-0.7807413065205788,0.570774039253184,0.869414654503679,4.474505950594893,0.1718266171965127,0.2104486500605511,0.3917060237555457,0.3119320208054731
U2OS,chr17,76023469,76304786,1,False,281317,281.32,0.156363831136242,-0.5806182695748924,0.2928625049207833,0.9808393785515603,6.510779188211164,0.3395130469328196,1.2629501887763628,0.3292801719725434,1.3016286707842042
U2OS,chr18,35144037,35311865,1,False,167828,167.83,2.4689340180865496,-0.4650617204578496,0.05020319064637605,-1.1125893123613062,-0.8731335630526493,-0.1364600007215721,-0.4416534075958719,0.014794439348618824,0.13181633798889342
U2OS,chr18,36920299,37128050,2,True,207751,207.75,-0.20944565101161958,2.0313622307955197,0.5074085826205409,-1.3841967295650484,5.629932299531651,0.6960373807153756,-0.18295959057236785,-0.15755886282617168,-1.0559617086801028
U2OS,chr19,914346,961859,1,False,47513,47.51,-0.00435535795074913,-1.07945,0.878869,1.20023828222597,6.42889,0.616097,2.20658,0.611983,2.52996
U2OS,chr19,1413672,1583938,1,False,170266,170.27,-0.10875629630774099,-1.2289606671913358,-0.07300150023845044,1.0985815828509826,7.373381684658124,0.6324377338987233,2.9447115294891524,0.6224666178450189,2.4817949238250736
U2OS,chr19,2750321,2908792,1,False,158471,158.47,0.9237045133578825,-1.1153741216437076,0.8603002297202642,0.8108632255525141,6.360329166345893,0.40568018378125964,1.464008894460185,0.26478862321181795,1.392332213464924
U2OS,chr19,3471784,3800056,1,False,328272,328.27,-0.5910966304967926,-0.9462771545060195,0.8166855397962665,1.0122274313002773,6.178063647219378,0.39863650813959156,2.0073811170249063,0.5147893051859435,2.1096216990788124
U2OS,chr19,4228139,4400826,1,False,172687,172.69,-0.4153345171243615,-0.8631544093649205,-0.01578520534840492,1.0795512514478662,6.264617914782235,0.38791122017870483,2.3228685316787017,0.5087098671005924,1.6609928657629123
U2OS,chr19,5459357,6111434,2,True,652077,652.08,1.0890875205601778,-0.8581504641369042,0.6749696102533903,0.9492070776322092,5.952106653340019,0.29020221897229925,1.7746789598636359,0.33505522837333623,1.2629061266307506
U2OS,chr19,6966821,7052683,1,False,85862,85.86,0.5604875278212353,-0.5215447966760615,-0.19093531458619648,0.5485843849448202,5.203724942815215,0.0547200383336051,0.10737938338263724,0.12045265868707927,0.3617607286459668
U2OS,chr19,12751880,13097411,1,False,345531,345.53,0.290759768322569,-0.900949503063401,0.016514555570990738,1.3147093294923817,7.14855750583884,0.3186122817200193,2.18716476567949,0.6082598189945332,1.503004490508811
U2OS,chr19,35500003,35787633,1,False,287630,287.63,-0.4081265520903247,-0.5768676897124778,0.06593866355839102,-1.5498142490663138,5.668451851093418,0.21714933061919828,1.1576686348086083,0.3638488086500017,1.3330979050411988
U2OS,chr19,36526993,37062669,2,True,535676,535.68,-0.026651180874402113,-0.1465660411048843,0.11475191339453326,-1.4360739947082979,6.302000976205766,-0.11568928200479395,0.9048374071939009,0.15060059780725665,0.4678178306905667
U2OS,chr19,47224649,47494765,1,False,270116,270.12,-0.9910970085907483,-0.48893959139036564,0.1244909024197012,0.5715704970338159,6.380654341912364,0.2973213875223978,1.3930123818470581,0.38609318488353145,0.8582130728835018
U2OS,chr19,50592101,50992229,1,False,400128,400.13,-0.7153022534126527,-0.5947598002289268,-0.08233984303272952,-0.002684236541705213,4.602230945272512,0.2080427255603207,1.1010883714961213,0.31462780838381715,1.5763860670885317
U2OS,chr2,14288022,15463787,2,True,1175765,1175.77,-0.5082976170440371,2.561643064036606,0.010477931528834422,-0.6827495329897106,2.159227053348246,0.38951198072616555,-0.44240258266065074,-0.15627966815987887,-0.7410203631873716
U2OS,chr2,24197336,24630772,1,False,433436,433.44,-0.6909626945635404,-0.32926746309951177,0.013266289472955642,0.8229260992998084,5.997857590780646,0.003249297467843005,0.27877360525475503,0.06933978685665243,0.058358713932391414
U2OS,chr2,63493105,64248469,1,False,755364,755.36,-0.6616516928304698,1.0657332086609899,0.6244953906394798,-0.19676285653535613,5.9070742379965155,0.3108098923075498,0.1529934925651739,-0.10978947968423171,-0.9127329266631717
U2OS,chr2,64665063,65558797,1,False,893734,893.73,-0.5410645694782821,-0.4533321956074179,-0.11390060955922009,0.995994984375497,6.2246779037163185,0.092989410389579,0.21850911724752553,0.232364867939454,0.039213153270324284
U2OS,chr2,66949664,73816468,5,True,6866804,6866.8,-0.39947653499308566,-0.49896221254394324,-0.07543469133244518,0.5179814499820078,4.609842770158111,-0.00528985389884435,-0.05852212364704169,0.052425958999849136,-0.2356739754389378
U2OS,chr2,104097920,104639166,1,False,541246,541.25,-0.4738295750022911,-0.4242164759905847,-0.12636392544240513,-0.6864242188247863,-1.1934671174179579,-0.32419603193741847,-0.7010602069779731,-0.25373255285027513,-1.2387289281029326
U2OS,chr2,147408672,149011251,1,False,1602579,1602.58,-0.5826058478728179,0.14647860644398808,0.00018304520463578584,-0.6351173267567177,0.9830643169546956,-0.0980900742465738,-0.5871302079928665,-0.1956691213082163,-0.8795033928318042
U2OS,chr2,150396219,151150865,1,False,754646,754.65,-0.0863700256098671,-0.31070230341643634,-0.21804206052771763,-0.17474183927187456,2.9538827740357734,-0.2552782668925563,-0.566008222263154,-0.0672268193696117,-0.8756277791534043
U2OS,chr2,159220831,160341182,1,False,1120351,1120.35,0.2700771463612938,-0.3560125460797554,0.39377330987788645,1.0370042616438326,4.998815219560655,0.033143955831699164,0.06150981317462116,0.01133880083920129,-0.4340625042508999
U2OS,chr2,175649331,175836986,1,False,187655,187.66,0.2767526674629265,-0.6451455537289175,0.20772632740934163,1.1190769782830352,3.731180342916522,-0.1459021310926967,-0.29801693319122863,-0.04235969090565134,-0.6472127654898617
U2OS,chr2,186476907,187985152,4,True,1508245,1508.24,1.2417770962937489,1.5937856666953973,0.33942794224182404,-0.5577857924059761,3.5378146878656986,0.2835358467248358,-0.5673529765310011,-0.209097055325892,-1.0695690160086722
U2OS,chr2,199096755,199899222,1,False,802467,802.47,0.2553658299389549,0.013305517977686343,-0.092619915485372,-0.830269062777846,-0.641403183026841,-0.080431919419864,-0.6833357137153304,-0.24948666086829743,-1.2333157643865729
U2OS,chr2,205485732,205525236,1,False,39504,39.5,0.48774646675864286,-0.2115586781287971,0.34718375428311055,-0.35209143038335516,4.573309599027947,-0.2958539769137303,-0.37371959629404616,-0.12651973967193195,-0.8880822703523693
U2OS,chr2,235324915,235525155,1,False,200240,200.24,-0.9652230348054672,-0.43062245844736313,0.13316802132441072,1.0104656793262634,3.625680621254495,0.3778158255842988,-0.2328095246703955,0.19161811388833402,0.20387535030296144
U2OS,chr2,236284998,236560355,1,False,275357,275.36,-0.0321404947843202,-0.46819519052720643,0.17747730250910637,1.7032274463725954,4.358173406486852,0.05360358792040878,0.2919561946709181,0.14588279348990582,0.4675909471377158
U2OS,chr2,239279127,239782945,1,False,503818,503.82,0.8834946991213383,-0.3212614873644848,-0.15710039389124644,1.3279985948020672,2.714223393467482,0.06947349091219449,-0.12768672211520826,0.05923645864776567,0.41702344329499935
U2OS,chr20,13735324,13841867,1,False,106543,106.54,-0.0227380832749998,-0.6086223951080784,-0.2800644898773265,-1.0778857947153604,5.755088562364492,-0.1305931731469923,-0.10808684526435337,0.012425910081469453,-0.4386799070422271
U2OS,chr20,17536481,18105661,1,False,569180,569.18,-0.5001729850505251,-0.6375999734301978,-0.005994492023612914,0.1805491049461222,5.1755281718788435,-0.032054376703503286,0.37434503277346365,0.15092400896236688,0.35159644769492954
U2OS,chr21,22605992,23409158,1,False,803166,803.17,0.1592996941421156,0.08767180625175862,-0.2720324535724869,-1.0912469750989826,0.4720262975524362,-0.367114311006691,-0.7554171575216083,-0.34377396781736275,-1.241351473443846
U2OS,chr21,30020577,30935677,1,False,915100,915.1,-0.24871287337324655,-0.22587343671631518,0.1574779356411321,-1.2231013090764358,5.954587093202928,-0.12252868587039668,-0.11392081022511202,-0.01468074225986231,-0.6676070902491531
U2OS,chr22,41296337,42018333,2,True,721996,722.0,-0.5256841717929944,-0.5571304175784908,0.3042873892473088,0.07365994014498259,7.0634451182278015,0.23779693549374234,1.7432879435232327,0.3611038529795179,0.5843995622953589
U2OS,chr3,19421864,19534909,1,False,113045,113.05,0.2445144743391929,0.14654683823548142,0.20477252348356847,-1.02541679946596,2.1341244997125037,0.004718587895086027,-0.6574903463930293,-0.3297973049582025,-1.2157152685744614
U2OS,chr3,20527156,20883361,1,False,356205,356.2,1.1390308418553272,1.2681801527378898,-0.2516490295470305,-0.9263496771846282,1.196560529891495,0.04774561314580087,-0.7195598959756321,-0.26023308475456547,-1.0564018425288808
U2OS,chr3,34759793,35063044,1,False,303251,303.25,-1.0281719417978332,-0.5182271349080464,-0.07149194986760143,-1.0348701887718172,-1.90837660027502,-0.3228934087636974,-0.6812007413396823,-0.209510668442973,-1.1060980292233167
U2OS,chr3,55592623,55946229,1,False,353606,353.61,0.39677360156832747,1.2771679262880153,1.2314152439551365,-0.11084942019488338,3.686667608524742,0.3873998593196948,-0.2670942928853017,-0.0882464165370497,-0.35802080295017613
U2OS,chr3,66836311,68279247,4,True,1442936,1442.94,0.21691582537291038,0.6573440221746634,0.2010460668006065,-0.9300455315941352,1.9123076543879978,-0.051368418411558106,-0.40472829233174584,-0.1842311971639768,-0.8530114486103335
U2OS,chr3,127850369,129237759,1,False,1387390,1387.39,0.11109588174224098,-0.6102996378898506,0.06505084539898659,1.9303209333101712,5.686934477623451,0.12420568799717455,0.657154118813023,0.18148255760672918,0.6837985368079631
U2OS,chr3,131034340,131468733,1,False,434393,434.39,-0.17341193136985514,1.1580620807126265,0.26731567465175543,-0.22596760098067567,5.110839152564613,0.031971711653502696,-0.16729650379725275,-0.015021056060295631,-0.6785267862580658
U2OS,chr3,136462301,138323024,1,False,1860723,1860.72,0.5187185148777357,-0.6106877632538533,0.1122616672905102,-0.22945386240847523,2.4651167077958407,-0.09687276766181749,-0.13234622933182427,-0.08627085287525331,-0.4087205667227201
U2OS,chr3,167124177,167329367,1,False,205190,205.19,-1.071176014910951,-0.21724820051172083,-0.12067872226083143,-0.6719772083072765,-0.4305667644622059,-0.22148764739022367,-0.58361036824894,-0.23881716927725521,-0.9659767563916369
U2OS,chr3,180424301,180828306,1,False,404005,404.0,-0.6387995006922325,0.0713058154453534,-0.08817378706451655,-0.5746588694327169,3.502584266511553,-0.07779561787651144,-0.40611800413608734,-0.18370265450180073,-0.9135846080865335
U2OS,chr4,19131381,19639842,6,True,508461,508.46,0.3968092139880491,4.310711493723216,0.3341231976100429,-0.5566946421140633,4.435670750716377,1.879834501474056,-0.5052491598923025,-0.2403314890109566,-1.207327228243661
U2OS,chr4,66401541,66913486,1,False,511945,511.94,-0.4151647888867468,-0.1354512870484134,-0.23085972084891931,-0.3702748474593544,2.6993293919576637,-0.35662694199025285,-0.5814011272929708,-0.2579219521296233,-1.4212341829688737
U2OS,chr4,83477631,83672211,1,False,194580,194.58,-0.28273456525005863,-0.531837002379484,-0.1420786919178744,1.5373480699983262,5.067850042810155,-0.08556939266882516,0.15040195255935865,-0.07170323456778703,-0.12252942374550313
U2OS,chr4,93964870,95021538,4,True,1056668,1056.67,0.4800216389873343,1.1922198688462227,0.18847407918665085,-0.1763561617739051,4.966901238629352,0.13790588270677262,-0.5163620955550845,-0.2643637130035167,-1.0914783310992666
U2OS,chr4,98542645,98849813,1,False,307168,307.17,0.7256996869584145,0.8096016731821023,-0.18628486632494273,-0.550130345537811,1.4518959203107094,0.038622073962782576,-0.7514375962242161,-0.32385535584110325,-0.9793026144715595
U2OS,chr4,102307236,102530036,1,False,222800,222.8,-0.14149065466932678,-0.612334722010772,-0.21997447606822262,-0.3876304494084508,-1.8007,-0.41130089511669654,-0.693240295745063,-0.22070373116696587,-1.0167166420466784
U2OS,chr4,104548869,105285088,1,False,736219,736.22,-0.4710857489392964,0.3808789689324508,-0.036025884753042234,-0.5622408793025139,-1.3018157049057413,-0.281895756624048,-0.7271143980799192,-0.3419550403901557,-1.1502308383510884
U2OS,chr4,163924165,164122282,1,False,198117,198.12,-0.4874573537949299,-0.3598199836056471,0.23514818577911029,0.1095565786409005,3.5090134954092784,-0.2583945862343969,-0.3846200640883922,-0.1065449401666692,-0.15678353698975855
U2OS,chr4,185834451,186075915,1,False,241464,241.46,-0.6388092445395177,-0.7608553729541464,-0.22415203406760428,1.5713216767481473,1.2785786527184178,0.06280036184731472,-0.38477682565517013,-0.05353235911419508,0.6342702521535301
U2OS,chr5,10211151,10770562,1,False,559411,559.41,-0.18627659549125106,-0.41704954019137985,0.2545730491642102,0.5659639238838164,7.072224895702802,0.12416316719192147,0.5983391995205671,0.29852704155263304,0.5740429610626177
U2OS,chr5,17459294,17603043,2,True,143749,143.75,3.197337478514122,-0.4972845375237393,0.09530407455495343,0.25031371287059,-0.9671933833916203,-0.2685417787602001,-0.6584030492038205,-0.12115926954900554,-0.3594772217893689
U2OS,chr5,34175736,35024134,4,True,848398,848.4,-0.43858536291391603,-0.5071886819935927,-0.1722559340592505,0.18036188891624452,3.8849538713905507,-0.019395130526781063,-0.16305632318086566,0.025642226814066037,-0.39569981004905724
U2OS,chr5,59458646,59501754,1,False,43108,43.11,-0.40789810648540675,0.5114264699359747,-0.46748088767746127,-0.4323363196667029,0.21994946905910737,-0.24553014329590797,-0.6486441432216757,-0.2676409663171569,-0.6527530582258514
U2OS,chr5,84339844,84612872,1,False,273028,273.03,1.2220455162229766,-0.5960132815095888,-0.3601686893944943,-0.443618401041411,-1.0976482642809258,-0.36749832844982927,-0.7184929911071393,-0.2954205122551533,-0.9469522523697204
U2OS,chr5,98905191,99369934,1,False,464743,464.74,0.1549118615971452,-0.5559925027660448,-0.14224718812117665,-0.4811534896684782,-3.3150601344782493,-0.2798467324263087,-0.8090803904566611,-0.37041536401193775,-0.8140482895621882
U2OS,chr5,122924151,123010703,1,False,86552,86.55,-0.8074952306577443,-0.5399489192277475,-0.6592377750138644,-0.18552576470538032,6.1530921798456415,-0.3276367800811073,-0.18281640841343932,-0.20782028249029486,-0.7663506946459931
U2OS,chr5,123896451,124168533,1,False,272082,272.08,-1.1066085974690085,-0.32612073219838134,0.11002941323828848,0.1849440440819087,4.98067098972001,-0.05930636628663417,0.2847283203004976,0.2285380626423652,-0.4203770057078381
U2OS,chr5,128869993,129295685,2,True,425692,425.69,-0.42535282413479364,1.754971461385227,0.19487215549317347,-0.8036085604888017,3.0950752782528212,0.32615123149366204,-0.6566426907740809,-0.2705251692279865,-1.1250900868585738
U2OS,chr5,139533133,139599011,1,False,65878,65.88,-1.13046135508,-0.743755,-0.0878155,1.71785881908369,5.40656,0.243744,-0.00714259,0.258486,0.692269
U2OS,chr5,152911904,153127901,1,False,215997,216.0,1.9728448526250577,-0.8085680763158749,0.18937696016981717,-0.6871660281700288,0.2438324390616536,-0.12902318438219051,-0.5520762789668374,-0.06014397653948897,-0.4119584296355968
U2OS,chr5,158811171,161308983,1,False,2497812,2497.81,0.3435971870062566,-0.33901375210404144,0.019465997155630597,-0.02560648311508249,2.1403016215609405,-0.11272768125223995,-0.31243272397362176,-0.012718061956224089,-0.5102965387732944
U2OS,chr5,171746876,172214110,1,False,467234,467.23,-0.2517700830698042,-0.7465466351935005,0.18232301661137673,1.8734195527117787,5.63742520505785,0.14374964554463074,0.6890492679257073,0.27603633671350974,0.6898644062461208
U2OS,chr6,10890818,11278245,1,False,387427,387.43,0.3153191109746598,-0.887247266535373,0.0909479850939661,0.8888546093411186,4.534750607753203,0.05143546279299068,-0.3191600591879244,0.16063335212465832,0.3902822090303463
U2OS,chr6,12632403,13067559,1,False,435156,435.16,1.447525973569172,-0.8095137604169539,0.23825875230721855,0.655818350466861,2.971662004637417,0.03315267840843284,-0.5283077796514354,-0.09951397665825588,0.13788879539314636
U2OS,chr6,72139234,72463454,1,False,324220,324.22,1.0022317114859076,-0.7975473721547098,-0.41710974683239777,-1.7506903295246283,-0.11245621651964707,-0.21125792857935968,-0.7037827502930109,-0.1583514474184196,-0.7996855855406823
U2OS,chr6,79294291,79471012,1,False,176721,176.72,1.1861959480267947,-0.2987935889786726,-0.1545489742135909,-0.7648423971923484,2.2408510905778036,-0.3585248917446144,-0.6299993594892513,-0.18435484961606147,-1.02689302735951
U2OS,chr6,93014305,93328128,2,True,313823,313.82,-0.5946195597569363,1.335332377002323,0.0451876348094308,-0.8475550327078956,3.2073780094511877,0.34823194338528407,-0.5791535821721162,-0.2874702550131762,-1.3394021741554953
U2OS,chr6,94320036,94530163,1,False,210127,210.13,0.0015300435341824884,-0.16183052445711404,-0.28616938588282326,-0.6728280560326839,-1.669662663674825,-0.29437556032304274,-0.8905361092577347,-0.2758226442532373,-1.125819501748942
U2OS,chr6,124043236,124292997,1,False,249761,249.76,0.3175114392372451,-0.44599424441766333,-0.19414246842381316,-1.464384116007834,-1.081011978191151,-0.1662789094366214,-0.8109966412730569,-0.22076918167768386,-0.8660800845368172
U2OS,chr6,126448768,126796461,1,False,347693,347.69,0.3057963334928632,2.54880536614197,0.8829650150161205,-1.646210317479106,5.793481824253004,0.4937922976821507,-0.31301232021064557,-0.22316034264135312,-1.1252443651152022
U2OS,chr6,129420435,129624670,1,False,204235,204.24,-0.09176922599858466,0.32112715183244794,0.9499111286018556,-1.1163371593318874,1.3701310647048743,0.05054132210688667,-0.604201954782481,-0.23788229683942516,-1.2445765135750484
U2OS,chr7,18503763,19282105,2,True,778342,778.34,-0.611384167339529,0.8109694491496028,0.5312191653283519,-0.39637524074041247,4.367399681656649,0.34793258303547797,-0.447942404024195,-0.13809220230579874,-0.9384062148194494
U2OS,chr7,41963597,42228759,1,False,265162,265.16,-0.75700055338682,-0.5076893366632474,0.2901844454974695,0.23474742225304066,5.7061147533583245,-0.1322423590423967,0.3657349029913788,0.02687406143414214,-0.1909701089937472
U2OS,chr7,69240116,69407061,1,False,166945,166.94,0.7289119143490269,-0.34473626461409446,1.0422176689568419,0.6649060422599871,5.715324021264489,-0.18191616753642814,0.22334940125190933,0.05366700085656953,-0.4380834269070652
U2OS,chr7,78148534,79378365,4,True,1229831,1229.83,0.327078936291494,2.6119675216920046,0.5302414721762583,-0.7680145615441194,2.859148481913368,0.6885677623096182,-0.5427616309541718,-0.22363811699981545,-0.07789718853240814
U2OS,chr7,87496526,88558525,2,True,1061999,1062.0,-0.06292777427631326,0.45007642585821656,0.25512421801244634,-0.730035247923004,1.4934230780066649,-0.04737036920373748,-0.5431661414012631,-0.20058852736019525,0.2188493288119857
U2OS,chr7,89605681,90068016,1,False,462335,462.33,2.1438235794760767,-0.33689232793537155,-0.08803380330063698,-0.2444738295263488,3.62865032606876,-0.21746086543523635,-0.5220549189397298,-0.0976776925117069,0.1242073618891064
U2OS,chr7,100094213,100612415,1,False,518202,518.2,0.44782958381117577,-0.5714612221778379,1.0704643025883729,1.8357994418557202,5.616616561958463,0.3769895152585285,1.1992322782042524,0.40043749390778116,2.212871798391361
U2OS,chr7,109966780,110094808,4,True,128028,128.03,-1.0163444344047694,2.936713923829162,0.4198428847752054,-0.8309841267060913,1.8997690520823571,0.21132741269097385,-0.6506839556971913,-0.2204596827881401,0.18734020742337615
U2OS,chr7,110756761,111517242,3,True,760481,760.48,-0.14669347447253112,0.8422363212156517,0.19222014770257248,-0.6510916292483655,4.185357257078086,0.2080146064372417,-0.5391859984102165,-0.18922253819477408,-0.05966968979895616
U2OS,chr7,116399830,117021345,1,False,621515,621.51,0.12488867390037042,-0.7703976210308681,0.018863307123721872,0.5690390311165935,4.39689256880365,-0.16325868851516054,-0.16610277207307947,0.04354236736844645,-0.5660447812844421
U2OS,chr7,124887415,125085523,1,False,198108,198.11,0.22553563631512477,-0.4648513726704626,-0.02091072820885578,-0.866536218620883,-2.1668842163365434,-0.20485390500131243,-0.6637913422779493,-0.3723788514093323,-1.0703759161669393
U2OS,chr7,139378856,139522241,1,False,143385,143.38,-0.9736562281234483,0.06659579588520417,-0.1381498824310144,1.8599157305170428,4.927217943229766,-0.084771347379433,0.46969012529204585,0.1618173524894515,0.4222562295288907
U2OS,chr8,14695845,14791794,1,False,95949,95.95,-0.7534169064692936,0.1525616221742801,-0.42411441667448335,-0.7861976620825074,-2.2220923621924142,-0.04495094464871963,-0.7412574208485757,-0.3351424671231592,-0.7737773255166808
U2OS,chr8,16759393,20750517,2,True,3991124,3991.12,-0.135107506777944,-0.5076457774960137,0.09774079890932982,0.5180718532039882,3.4456789329108792,-0.04993183331437461,-0.2906918871332988,0.014261424336903587,0.001856393210283627
U2OS,chr8,35089015,35229563,1,False,140548,140.55,0.8245705744308295,-0.41086688061729804,0.12639571249679823,-0.7698115976441121,0.2658795535760025,-0.12506680812249196,-0.7286103671983948,-0.2478185130489228,-0.7515135183780629
U2OS,chr8,36146570,36392239,1,False,245669,245.67,-0.3837563035851086,-0.44038622383776543,-0.05736859278134401,-1.0536876197363125,-2.7605570655638276,-0.27957786836352977,-0.6687170792122734,-0.27212049558552365,-0.7536417823616329
U2OS,chr8,39999865,40385911,1,False,386046,386.05,0.14506024709608725,-0.8087223388508105,-0.1814147123114862,0.3849936300574812,3.3103527055843083,-0.22536148668941008,-0.6620818217854868,-0.004932272176191437,-0.1357568130145112
U2OS,chr8,62941234,63076618,1,False,135384,135.38,1.147614381974,-0.22666471349642495,-0.12916722607752762,-0.6491045750875022,1.5465333169503042,-0.19551018457129352,-0.7231242505761389,-0.23087291365301663,-1.0373971216539621
U2OS,chr8,64251688,64887340,1,False,635652,635.65,0.7286238058248338,0.5451506175202784,0.2108973039839409,-0.7479005748337824,2.5259598691736986,-0.2719155605457074,-0.630553725579405,-0.2834945843700641,-0.8795603112646543
U2OS,chr8,65734902,66097254,1,False,362352,362.35,-0.6596077938180177,-0.16553217897514022,-0.15245753499138961,-0.805756770554778,-1.2029379535128377,-0.300304311986135,-0.6499341630403586,-0.24482328999977923,-0.8925482917108226
U2OS,chr8,69425550,69992417,2,True,566867,566.87,-0.5878881185317621,-0.34408187601677287,-0.3224031056314797,-0.48716104372761504,0.9800268449036549,-0.2478825818507692,-0.715805758024369,-0.2060740973526418,-1.0077739969340251
U2OS,chr8,72734953,73003783,1,False,268830,268.83,-0.6467011042126131,0.020782297920618985,0.46775424184428827,0.04263473800798745,5.941781924041216,-0.1173280239433843,-0.40344328923855227,0.024194251448871038,-0.7428962589740729
U2OS,chr8,110972201,111028684,1,False,56483,56.48,1.6564432643439637,0.1491330147478002,-0.12698750286989005,-0.8419109537516877,4.289172433652603,-0.004106589894304492,-0.5521477783049769,-0.24515404468601174,-1.2841630674716284
U2OS,chr8,120703789,120796187,1,False,92398,92.4,0.679364410759695,-0.502069,0.314954,0.088478670565877,7.05386,-0.252443,-0.0742651,-0.159857,-1.25211
U2OS,chr8,121859951,121893936,1,False,33985,33.98,0.104126881499295,-0.1533,-0.676475,-0.283629579548046,3.1058,-0.0931746,-0.461526,-0.0729117,-0.740318
U2OS,chr8,128311874,128652080,1,False,340206,340.21,0.8986575016837255,-0.49311175156228876,-0.27686239967549076,-0.07172370161065876,1.1340515076159734,0.007563849194311681,-0.49460572174506034,-0.09358857702015837,-0.6039561111267879
U2OS,chr8,131367067,131641200,1,False,274133,274.13,-0.31210583016644206,-0.4029011863657421,-0.15149917104981886,0.8146347051785068,4.437713375551283,0.1252170845046018,-0.27490040575195257,0.1967161918740174,-0.19100690798626943
U2OS,chr8,132235649,132393416,1,False,157767,157.77,1.567383304559766,-0.27240506074527626,0.054139937912871514,-0.8212005745474713,-1.5116064317316042,-0.1373880356791978,-0.6026262173268174,-0.22652909103297902,-1.0179793220128417
U2OS,chr8,136248007,137957216,1,False,1709209,1709.21,-0.4099075478964777,-0.18625411855308507,-0.2403411363841403,-0.6485204951758059,2.1472927681927723,-0.1041423787775515,-0.40769825440598545,-0.12751908413675564,-0.5987140995729604
U2OS,chr9,44907911,66251395,1,False,21343484,21343.48,11.6245302132811,-0.8255561868222241,-0.24815799999999996,,-3.05675,-0.5412061830657077,-0.36867513854506423,-0.30794037815366176,-1.2288947135569122
U2OS,chr9,81267182,81325269,1,False,58087,58.09,0.11076625960259845,2.410844370857507,0.14811625229397282,-1.1105513391133277,1.5951357699657411,0.10830242785339234,-0.7027719411400141,-0.14375171439392634,-0.6737231703995731
U2OS,chr9,85126896,87060222,4,True,1933326,1933.33,-0.35117501668666723,-0.09070549866292597,0.18639632712279255,-0.7459812635395157,3.1272106869405363,-0.060027226290341094,-0.3178118448394115,-0.05715392867628119,-0.44864355915970694
U2OS,chr9,92104925,92261403,1,False,156478,156.48,-0.845676677104638,-0.6141896919886501,-0.171840290973811,0.65582888847156,1.9774200252239933,0.1360818203485474,-0.3736280804905482,0.07502270697797775,0.6349630740295762
U2OS,chr9,119316698,119740197,2,True,423499,423.5,0.21438588678957132,3.856955336966557,0.5032057224763223,-0.7000040812715953,3.5072895014864263,1.7753495122774787,-0.24451538996077912,0.030163891259507112,0.05019064808700847
U2OS,chr9,122112187,122643213,1,False,531026,531.03,-0.4678868748902527,1.4905811418612271,0.10492385027644596,-1.4685786752514316,-0.30059723218448814,-0.05074978359308206,-0.6507587607480613,-0.17390637849935786,-0.17915058875572948
U2OS,chr9,124810313,124964495,1,False,154182,154.18,-0.5703530163289737,-0.2832180020605518,0.015742359633420206,0.47344200027041317,4.173865263844029,-0.047923512024749974,-0.07825022839430025,0.19598220667133648,1.203284390849775
U2OS,chr9,138955818,139044795,1,False,88977,88.98,0.47013795155203664,-0.7946182086381873,-0.17425806793890555,1.2135395769932324,6.054054691324724,0.3619802436921901,1.4590987687829438,0.314176034795509,1.8283940326151702
U2OS,chrX,75326207,75433493,1,False,107286,107.29,-0.3628673624568932,-0.40713948957925544,-0.4197551164364409,-0.5141539303743047,4.294926665268535,-0.47784965320731504,-0.19971939489588578,-0.13328409433663294,-0.8993870980649852
U2OS,chrX,81413181,81537782,1,False,124601,124.6,-0.1845890608177527,-0.44272135570340526,-0.5199065538880105,-0.38375286504391964,-4.38566,-0.5839653485445542,-0.894028664280383,-0.4015127123859359,-1.0141176650588681
U2OS,chrX,90764204,90853467,1,False,89263,89.26,-0.651421025795276,2.616396069592104,0.05659589523990903,-0.7020335696343825,3.9926301279365464,0.2980527050177565,-0.46661483215890126,-0.36778180917065295,-1.1080391123981943
U2OS,chrX,96461366,96708255,3,True,246889,246.89,0.05519394849786718,4.076000630242741,0.4732564910668357,0.3268629595443263,4.837037359582646,1.8800363478931827,-0.24409679761755287,-0.13197862468558744,-0.7264818987480203
U2OS,chrX,120560083,120655955,1,False,95872,95.87,1.3392934763161857,2.765878143357811,0.5737402474340788,0.27374819268782,5.040348669580274,1.2265451665762683,0.14694515975988817,-0.16615614872955609,-1.0135430562103638
